,Unnamed: 0,submission_title,submission_text,submission_score,submission_url,submission_date,top_comment_1,top_comment_2,top_comment_3,top_comment_4,top_comment_5,top_comment_6,top_comment_7,top_comment_8,top_comment_9,top_comment_10,top_comment_1_classification,top_comment_2_classification,top_comment_3_classification,top_comment_4_classification,top_comment_5_classification,top_comment_6_classification,top_comment_7_classification,top_comment_8_classification,top_comment_9_classification,top_comment_10_classification,ambiguity_score,flanT5_instruction,llama2_instruction,reason_summary,gpt_reasons_from_comments,gpt_reasons,prompt,text,id,no_comment_prompt
0,22,AITA for telling cashier that wasn’t the girls credit card?,"
throwaway because husband told me i was ta and want to know before i get home and argue. on phone format is bad.

i was in a higher end department store today (rhymes with loomingtales) and happened to end up next to two teenage aged girls while shopping. one of the girls had picked out a pair of very expensive boots and they were both fawning over them. second girl must have looked at price tag and asks boots girl if she’s really gonna spend that much on boots. girl with boots says something along the lines of “it’s fine i have my dads credit card i’m not paying ” which instantly caught my attention because thats not her card. i’ve told my son multiple times he’s never allowed to use my card so i’m interested to see how this girl thinks she’s going to get away with fraud but had split up from the girls at this point because they had found something else.

we end up at the same register (me behind) and i see her total hit well over four digits. the girl is about to swipe her card when i decide that i can’t let her get away with something like this and someone has to parent this kid if no one else will. i tell cashier that isn’t her card but her father’s and i’m not sure she has permission. girl and friend turn and glare at me giving me possibly the dirtiest look i’ve ever seen. i swear this girl was going to throw a tantrum right there, i don’t think she was ever told no.

girl tells cashier her father gave her the card to shop with because it’s the stores credit card and it gives him the points. now that i’ve pointed out it wasn’t hers cashier tells her she can’t use that card. girl tries to show id to prove they have the same last name ( yeah that will help) and i tell her it’s still fraud. girl says it’s not fraud because she has permission and tells me to mind my own business. i tell her that it is my business that she’s doing something illegal she needs to pay with her own card or i call the cops. girl is pissed now and people are glaring at me. she uses her own card and leaves crying. cashier looks mad at me and i tell my husband when i get home only for him to agree i was in the wrong. 

so reddit, atia?",38942,https://www.reddit.com/r/AmItheAsshole/comments/cdypge/aita_for_telling_cashier_that_wasnt_the_girls/,2019-07-16 15:41:11,"yta

did it ever occur to you that she was telling the truth and her dad had given her his credit card? mind your own business.","yta. mind your own fucking business the girls dad probably makes money and she's spoiled and it absolutely isn't your job to parent her and embarrass her like that in a store. you also aren't a federal law enforcement officer investigating fraud, just buy your shit and go home.","yta

do you usually make a habit of sticking your nose into other people's business?","yta....you have no idea what agreement she has with her dad, and you had no reason to interject yourself.",[removed],yta. start minding your own business more and other people's less.,"yta. i understand where you’re coming from, but it’s a mind your own business kind of situation. the father let her have the card, you don’t even know if she’s allowed to use it or not. if she isn’t allowed to, he can deal with the situation as it is his child. it’s not like she said she found the card on the street and is racking up charges everywhere. plus you’re making everyone’s lives harder by being an ass. calling the cops for a daughter using her fathers card? you need to chill out","yta. what the fuck dude? plenty of parents hand over their store credit card for their kid to shop in that store. it wasn't even a damn visa or anything, a ""loomingdales"" card. i can't tell you how many times my parents did the same- i had permission to buy what i wanted or needed and to use their card. some people don't have the same price constraints as you and a pair of shoes over $1k isn't a big deal. and even then, it's her dad's card, he would have seen the statement and known exactly what she purchased that was that expensive. the fact that this teen was able to pull out ""her own"" credit card and put it on there instead of walking away from the purchase shows that this girl is living in a very different world than you.

&amp;#x200b;

of course she walked away crying; you were mean, belittling, sticking your nose where it didn't belong, and causing a scene over a common occurrence. adult and teenage me would have given you a big middle finger and then swiped my mom's card (that i'm a goddamn authorized user on).","yta. it really was none of your business. you made a scene, tried to discipline a child that was not yours over a scenario you knew nothing about, and wasted everyone’s time. just because you wouldn’t give your child permission to use your card doesn’t mean everyone else is the same. she used her own card in the end so her family obviously has the money. you may have meant well but you were absolutely in the wrong on this one.","yta. when a rich kids says ""my dad's credit card"" that usually means its a card for them that their dad pays. mind your business.",YTA,YTA,YTA,YTA,,YTA,YTA,YTA,YTA,YTA,0.0,"Classify the interpersonal conflict and explain your choice. Your choices are limited to you're the a**hole (yta) when the writer is causing the conflict, not the a**hole (nta) when someone other than the writer is causing the conflict, no a**holes here (nah) when no one is causing the conflict, everyone sucks here (esh) when everyone is causing the conflict, more information needed (info) when a classification cannot be made with the context provided. Conflict context:  throwaway because husband told me i was ta and want to know before i get home and argue. on phone format is bad. i was in a higher end department store today (rhymes with loomingtales) and happened to end up next to two teenage aged girls while shopping. one of the girls had picked out a pair of very expensive boots and they were both fawning over them. second girl must have looked at price tag and asks boots girl if she’s really gonna spend that much on boots. girl with boots says something along the lines of “it’s fine i have my dads credit card i’m not paying ” which instantly caught my attention because thats not her card. i’ve told my son multiple times he’s never allowed to use my card so i’m interested to see how this girl thinks she’s going to get away with fraud but had split up from the girls at this point because they had found something else. we end up at the same register (me behind) and i see her total hit well over four digits. the girl is about to swipe her card when i decide that i can’t let her get away with something like this and someone has to parent this kid if no one else will. i tell cashier that isn’t her card but her father’s and i’m not sure she has permission. girl and friend turn and glare at me giving me possibly the dirtiest look i’ve ever seen. i swear this girl was going to throw a tantrum right there, i don’t think she was ever told no. girl tells cashier her father gave her the card to shop with because it’s the stores credit card and it gives him the points. now that i’ve pointed out it wasn’t hers cashier tells her she can’t use that card. girl tries to show id to prove they have the same last name ( yeah that will help) and i tell her it’s still fraud. girl says it’s not fraud because she has permission and tells me to mind my own business. i tell her that it is my business that she’s doing something illegal she needs to pay with her own card or i call the cops. girl is pissed now and people are glaring at me. she uses her own card and leaves crying. cashier looks mad at me and i tell my husband when i get home only for him to agree i was in the wrong. so reddit, atia?","<s>[INST] <<SYS>>
Classify the interpersonal conflict and explain your choice. Your choices are limited to you're the a**hole (yta) when the writer is causing the conflict, not the a**hole (nta) when someone other than the writer is causing the conflict, no a**holes here (nah) when no one is causing the conflict, everyone sucks here (esh) when everyone is causing the conflict, more information needed (info) when a classification cannot be made with the context provided.
<</SYS>>

 throwaway because husband told me i was ta and want to know before i get home and argue. on phone format is bad. i was in a higher end department store today (rhymes with loomingtales) and happened to end up next to two teenage aged girls while shopping. one of the girls had picked out a pair of very expensive boots and they were both fawning over them. second girl must have looked at price tag and asks boots girl if she’s really gonna spend that much on boots. girl with boots says something along the lines of “it’s fine i have my dads credit card i’m not paying ” which instantly caught my attention because thats not her card. i’ve told my son multiple times he’s never allowed to use my card so i’m interested to see how this girl thinks she’s going to get away with fraud but had split up from the girls at this point because they had found something else. we end up at the same register (me behind) and i see her total hit well over four digits. the girl is about to swipe her card when i decide that i can’t let her get away with something like this and someone has to parent this kid if no one else will. i tell cashier that isn’t her card but her father’s and i’m not sure she has permission. girl and friend turn and glare at me giving me possibly the dirtiest look i’ve ever seen. i swear this girl was going to throw a tantrum right there, i don’t think she was ever told no. girl tells cashier her father gave her the card to shop with because it’s the stores credit card and it gives him the points. now that i’ve pointed out it wasn’t hers cashier tells her she can’t use that card. girl tries to show id to prove they have the same last name ( yeah that will help) and i tell her it’s still fraud. girl says it’s not fraud because she has permission and tells me to mind my own business. i tell her that it is my business that she’s doing something illegal she needs to pay with her own card or i call the cops. girl is pissed now and people are glaring at me. she uses her own card and leaves crying. cashier looks mad at me and i tell my husband when i get home only for him to agree i was in the wrong. so reddit, atia? [/INST] yta did it ever occur to you that she was telling the truth and her dad had given her his credit card? mind your own business. </s>","Arguments suggesting the author was in the wrong:
- yta

did it ever occur to you that she was telling the truth and her dad had given her his credit card? mind your own business.
- yta. mind your own fucking business the girls dad probably makes money and she's spoiled and it absolutely isn't your job to parent her and embarrass her like that in a store. you also aren't a federal law enforcement officer investigating fraud, just buy your shit and go home.","**Arguments why the author is in the wrong:** The author wrongly assumed the girl was committing fraud without evidence, ignored her explanation that she had permission to use the card, and embarrassed her in a public setting unnecessarily. It was not the author's place to intervene as they don't know the family situation or if the transaction was legitimate.

**Arguments why the author is in the right:** They believed they were acting out of concern for potential fraud and intervening to prevent what they thought was illegal behavior.","**Arguments why the author is in the wrong:** The author overstepped their boundaries by inserting themselves into a situation without knowing all the details, leading to unnecessary embarrassment and distress for the girl. The girl claimed she had permission to use her father’s card, but the author dismissed her explanation without proof of wrongdoing. It was not the author’s place to decide what constitutes fraud or to intervene so aggressively in someone else's financial matters.

**Arguments why the author is in the right:** The author believed they were protecting the father from potential misuse of his credit card and felt a moral obligation to intervene in what seemed like questionable behavior. They acted with the intent of ensuring fairness and preventing actions they perceived as fraudulent.","AITA for telling cashier that wasn’t the girls credit card?
throwaway because husband told me i was ta and want to know before i get home and argue. on phone format is bad.

i was in a higher end department store today (rhymes with loomingtales) and happened to end up next to two teenage aged girls while shopping. one of the girls had picked out a pair of very expensive boots and they were both fawning over them. second girl must have looked at price tag and asks boots girl if she’s really gonna spend that much on boots. girl with boots says something along the lines of “it’s fine i have my dads credit card i’m not paying ” which instantly caught my attention because thats not her card. i’ve told my son multiple times he’s never allowed to use my card so i’m interested to see how this girl thinks she’s going to get away with fraud but had split up from the girls at this point because they had found something else.

we end up at the same register (me behind) and i see her total hit well over four digits. the girl is about to swipe her card when i decide that i can’t let her get away with something like this and someone has to parent this kid if no one else will. i tell cashier that isn’t her card but her father’s and i’m not sure she has permission. girl and friend turn and glare at me giving me possibly the dirtiest look i’ve ever seen. i swear this girl was going to throw a tantrum right there, i don’t think she was ever told no.

girl tells cashier her father gave her the card to shop with because it’s the stores credit card and it gives him the points. now that i’ve pointed out it wasn’t hers cashier tells her she can’t use that card. girl tries to show id to prove they have the same last name ( yeah that will help) and i tell her it’s still fraud. girl says it’s not fraud because she has permission and tells me to mind my own business. i tell her that it is my business that she’s doing something illegal she needs to pay with her own card or i call the cops. girl is pissed now and people are glaring at me. she uses her own card and leaves crying. cashier looks mad at me and i tell my husband when i get home only for him to agree i was in the wrong. 

so reddit, atia?<br><br><h4>=============================================<br>Possible arguments against the author's actions:</h4> The author wrongly assumed the girl was committing fraud without evidence, ignored her explanation that she had permission to use the card, and embarrassed her in a public setting unnecessarily. It was not the author's place to intervene as they don't know the family situation or if the transaction was legitimate.<br><br><h4>=============================================<br>Possible arguments for the author's actions:</h4> They believed they were acting out of concern for potential fraud and intervening to prevent what they thought was illegal behavior.","<b>Read the following message to an AI system. ""AITA"" stands for ""Am I the asshole.""</b><br><br>AITA for telling cashier that wasn’t the girls credit card?
throwaway because husband told me i was ta and want to know before i get home and argue. on phone format is bad.

i was in a higher end department store today (rhymes with loomingtales) and happened to end up next to two teenage aged girls while shopping. one of the girls had picked out a pair of very expensive boots and they were both fawning over them. second girl must have looked at price tag and asks boots girl if she’s really gonna spend that much on boots. girl with boots says something along the lines of “it’s fine i have my dads credit card i’m not paying ” which instantly caught my attention because thats not her card. i’ve told my son multiple times he’s never allowed to use my card so i’m interested to see how this girl thinks she’s going to get away with fraud but had split up from the girls at this point because they had found something else.

we end up at the same register (me behind) and i see her total hit well over four digits. the girl is about to swipe her card when i decide that i can’t let her get away with something like this and someone has to parent this kid if no one else will. i tell cashier that isn’t her card but her father’s and i’m not sure she has permission. girl and friend turn and glare at me giving me possibly the dirtiest look i’ve ever seen. i swear this girl was going to throw a tantrum right there, i don’t think she was ever told no.

girl tells cashier her father gave her the card to shop with because it’s the stores credit card and it gives him the points. now that i’ve pointed out it wasn’t hers cashier tells her she can’t use that card. girl tries to show id to prove they have the same last name ( yeah that will help) and i tell her it’s still fraud. girl says it’s not fraud because she has permission and tells me to mind my own business. i tell her that it is my business that she’s doing something illegal she needs to pay with her own card or i call the cops. girl is pissed now and people are glaring at me. she uses her own card and leaves crying. cashier looks mad at me and i tell my husband when i get home only for him to agree i was in the wrong. 

so reddit, atia?",22,"AITA for telling cashier that wasn’t the girls credit card?
throwaway because husband told me i was ta and want to know before i get home and argue. on phone format is bad.

i was in a higher end department store today (rhymes with loomingtales) and happened to end up next to two teenage aged girls while shopping. one of the girls had picked out a pair of very expensive boots and they were both fawning over them. second girl must have looked at price tag and asks boots girl if she’s really gonna spend that much on boots. girl with boots says something along the lines of “it’s fine i have my dads credit card i’m not paying ” which instantly caught my attention because thats not her card. i’ve told my son multiple times he’s never allowed to use my card so i’m interested to see how this girl thinks she’s going to get away with fraud but had split up from the girls at this point because they had found something else.

we end up at the same register (me behind) and i see her total hit well over four digits. the girl is about to swipe her card when i decide that i can’t let her get away with something like this and someone has to parent this kid if no one else will. i tell cashier that isn’t her card but her father’s and i’m not sure she has permission. girl and friend turn and glare at me giving me possibly the dirtiest look i’ve ever seen. i swear this girl was going to throw a tantrum right there, i don’t think she was ever told no.

girl tells cashier her father gave her the card to shop with because it’s the stores credit card and it gives him the points. now that i’ve pointed out it wasn’t hers cashier tells her she can’t use that card. girl tries to show id to prove they have the same last name ( yeah that will help) and i tell her it’s still fraud. girl says it’s not fraud because she has permission and tells me to mind my own business. i tell her that it is my business that she’s doing something illegal she needs to pay with her own card or i call the cops. girl is pissed now and people are glaring at me. she uses her own card and leaves crying. cashier looks mad at me and i tell my husband when i get home only for him to agree i was in the wrong. 

so reddit, atia?"
1,25,AITA For Firing An Employee After His Parents Died?,"i'm the vp of sales at a software company and one of our sales development reps parents passed away at the beginning of april, sadly they were involved in a car crash and both lost their lives. now the employee in question in very young 22 year old guy and has been with us for about 10 months now. he's a great employee and we were thinking about promotions in the next \~6 months for him. his job is a high paying one for a new grad, about \~90k with commission and base so we expect a lot from this position. because of the accident we let him take a 1 month paid leave of absence from work and he's returned a few weeks ago and his performance is severely lacking. he's super unmotivated, not cold calling, out reaching to prospects for the last 2-3 weeks enough since he's come back. our whole mgmt team has noticed this and we decided to let him go because we feel like he'd need months and months to be able to produce again and we can't just wait that long.

we called him into a meeting on friday afternoon and gave him the bad news, he was very calm and rude about it. told us to go fuck ourselves and got up and went to his desk grabbed his few things and left. i thought this was very very unprofessional and extremely rude.

i told my boyfriend about all of this and he said myself and my mgmt team are a bunch of asses and pricks with no hearts.

aita?

&amp;#x200b;

\*\*update\*\*\*

holy fuck this blew up, i know this was shitty of me now. and i reached out to him to see how he's holding up. he's staying at his gf's place and she's supporting him a lot right now. i offered to get my head hunter friend in touch with him when he's ready and he accepted.",38438,https://www.reddit.com/r/AmItheAsshole/comments/bvxqh8/aita_for_firing_an_employee_after_his_parents_died/,2019-06-02 14:10:33,"yta for firing him without first going through the steps of describing his issues to him and giving him a chance to improve.  he's been back for only 2-3 weeks.  

it's not about ""having heart"", it's about making a dumb business decision for both you and him.  so much smarter to work with this guy to get him back on track after a temporary setback than to push the eject button and have to find and start over with a new person.  dumb.","yta, generally people receive a warning about their performance before they get fired. you gave him bereavement leave and then fired him immediately after because he wasn't performing.",yta. surely this is a shitpost.,"yup, congrats yta.

if this is isn't a shitpost well done, you pulled a poor mourning kid's remaining stability and livelihood out from under him. 4 weeks after his parents passed away. 

hope the rest of the team's moral stays high after this one.","yta. without a doubt. you gave him 2-3 weeks after he came back before you fired him? that’s not enough time to start underperforming and be fired for someone who didn’t experience such a tragedy. if you really cared or were a decent company, you’d find him a mentor, maybe start pulling him aside and coaching him, find ways to bring up the problems but making it work for you both for at least a couple months. wow.","this is a bs story. 

1) you’re the vp of sales and are firing inside sales reps? huh, ok... 

2) you gave him a month paid leave? your company is so small you personally fired him, but large enough it can pay a full month of leave? even large companies don’t offer that.

3) almost all sales organization will have a performance improvement plan (pip). you put under performing sales employees on a pip which includes clear measurement for improvement. if they don’t improve within the time period allotted, then you fire them.

whose ever heard of a few weeks lackluster performance = firing? this story is garbage or your company sucks.","you are absolutely the asshole. 100% yta. death is incredibly serious and takes time to heal from. he is a human being, i am so appauled that you made the decision to do that. the stress of losing people you hold close is completely unimaginable. i can't even begin to understand how much worse that gets after you lose your income directly after. seriously, i am just so disgusted with this action. especially considering he was a great employee who you seemed to feel had room to grow with the company.","yta- there were better options than just straight up firing him. maybe have a meeting about his job performance? see if he needs counseling? this dude is clearly in the depths of despair, firing him was immature.","yta. i’ve been a manager for a fair while and this is a horrid way of dealing with it. id be surprised if he doesn’t take your company to an onbudsman for an unfair dismissal. where was the caution, warnings, written letters?

hopefully he’ll have your company and you over a barrel.

edit. ty for the silver. and holy shit, who knew the states was so backwards that you can’t take your employer to court for an unfair dismissal! glad i don’t live there.","yta, you didn’t even give him a few weeks slack after he lost not one, but both of his parents! instead of firimg him you could have made a plan to help him get back on track, show him you cared (which you obviously don’t, but still) .. yeah, major dickmove!",YTA,YTA,YTA,YTA,YTA,,YTA,YTA,YTA,YTA,0.0,"Classify the interpersonal conflict and explain your choice. Your choices are limited to you're the a**hole (yta) when the writer is causing the conflict, not the a**hole (nta) when someone other than the writer is causing the conflict, no a**holes here (nah) when no one is causing the conflict, everyone sucks here (esh) when everyone is causing the conflict, more information needed (info) when a classification cannot be made with the context provided. Conflict context: i'm the vp of sales at a software company and one of our sales development reps parents passed away at the beginning of april, sadly they were involved in a car crash and both lost their lives. now the employee in question in very young 22 year old guy and has been with us for about 10 months now. he's a great employee and we were thinking about promotions in the next \~6 months for him. his job is a high paying one for a new grad, about \~90k with commission and base so we expect a lot from this position. because of the accident we let him take a 1 month paid leave of absence from work and he's returned a few weeks ago and his performance is severely lacking. he's super unmotivated, not cold calling, out reaching to prospects for the last 2-3 weeks enough since he's come back. our whole mgmt team has noticed this and we decided to let him go because we feel like he'd need months and months to be able to produce again and we can't just wait that long. we called him into a meeting on friday afternoon and gave him the bad news, he was very calm and rude about it. told us to go fuck ourselves and got up and went to his desk grabbed his few things and left. i thought this was very very unprofessional and extremely rude. i told my boyfriend about all of this and he said myself and my mgmt team are a bunch of asses and pricks with no hearts. aita? &amp;#x200b; \*\*update\*\*\* holy fuck this blew up, i know this was shitty of me now. and i reached out to him to see how he's holding up. he's staying at his gf's place and she's supporting him a lot right now. i offered to get my head hunter friend in touch with him when he's ready and he accepted.","<s>[INST] <<SYS>>
Classify the interpersonal conflict and explain your choice. Your choices are limited to you're the a**hole (yta) when the writer is causing the conflict, not the a**hole (nta) when someone other than the writer is causing the conflict, no a**holes here (nah) when no one is causing the conflict, everyone sucks here (esh) when everyone is causing the conflict, more information needed (info) when a classification cannot be made with the context provided.
<</SYS>>

i'm the vp of sales at a software company and one of our sales development reps parents passed away at the beginning of april, sadly they were involved in a car crash and both lost their lives. now the employee in question in very young 22 year old guy and has been with us for about 10 months now. he's a great employee and we were thinking about promotions in the next \~6 months for him. his job is a high paying one for a new grad, about \~90k with commission and base so we expect a lot from this position. because of the accident we let him take a 1 month paid leave of absence from work and he's returned a few weeks ago and his performance is severely lacking. he's super unmotivated, not cold calling, out reaching to prospects for the last 2-3 weeks enough since he's come back. our whole mgmt team has noticed this and we decided to let him go because we feel like he'd need months and months to be able to produce again and we can't just wait that long. we called him into a meeting on friday afternoon and gave him the bad news, he was very calm and rude about it. told us to go fuck ourselves and got up and went to his desk grabbed his few things and left. i thought this was very very unprofessional and extremely rude. i told my boyfriend about all of this and he said myself and my mgmt team are a bunch of asses and pricks with no hearts. aita? &amp;#x200b; \*\*update\*\*\* holy fuck this blew up, i know this was shitty of me now. and i reached out to him to see how he's holding up. he's staying at his gf's place and she's supporting him a lot right now. i offered to get my head hunter friend in touch with him when he's ready and he accepted. [/INST] yta for firing him without first going through the steps of describing his issues to him and giving him a chance to improve. he's been back for only 2-3 weeks. it's not about ""having heart"", it's about making a dumb business decision for both you and him. so much smarter to work with this guy to get him back on track after a temporary setback than to push the eject button and have to find and start over with a new person. dumb. </s>","Arguments suggesting the author was in the wrong:
- yta for firing him without first going through the steps of describing his issues to him and giving him a chance to improve.  he's been back for only 2-3 weeks.  

it's not about ""having heart"", it's about making a dumb business decision for both you and him.  so much smarter to work with this guy to get him back on track after a temporary setback than to push the eject button and have to find and start over with a new person.  dumb.
- yta, generally people receive a warning about their performance before they get fired. you gave him bereavement leave and then fired him immediately after because he wasn't performing.","**Arguments why the author is in the wrong:** The employee was fired without proper steps to address his performance issues, such as warnings or opportunities to improve, particularly after just returning from bereavement leave. Firing him immediately rather than supporting him through a temporary setback shows a lack of empathy and poor business judgment.

**Arguments why the author is in the right:** The employee’s performance had been severely lacking for weeks, and the company felt they could not afford to wait months for him to recover, given the high expectations and salary tied to the position. Adjusting for business needs can sometimes necessitate difficult decisions.","**Arguments why the author is in the wrong:** Lacked empathy for an employee dealing with the trauma of losing both parents; insufficient support or time offered for recovery; prioritized company performance over employee well-being; dismissal shortly after a tragic event appeared callous and dismissive.  

**Arguments why the author is in the right:** Company has high performance standards and could not sustain long-term underperformance in a critical, high-paying role; business decisions may require prioritizing overall team productivity over individual circumstances; employee’s hostile response to the firing was unprofessional.","AITA For Firing An Employee After His Parents Died?i'm the vp of sales at a software company and one of our sales development reps parents passed away at the beginning of april, sadly they were involved in a car crash and both lost their lives. now the employee in question in very young 22 year old guy and has been with us for about 10 months now. he's a great employee and we were thinking about promotions in the next \~6 months for him. his job is a high paying one for a new grad, about \~90k with commission and base so we expect a lot from this position. because of the accident we let him take a 1 month paid leave of absence from work and he's returned a few weeks ago and his performance is severely lacking. he's super unmotivated, not cold calling, out reaching to prospects for the last 2-3 weeks enough since he's come back. our whole mgmt team has noticed this and we decided to let him go because we feel like he'd need months and months to be able to produce again and we can't just wait that long.

we called him into a meeting on friday afternoon and gave him the bad news, he was very calm and rude about it. told us to go fuck ourselves and got up and went to his desk grabbed his few things and left. i thought this was very very unprofessional and extremely rude.

i told my boyfriend about all of this and he said myself and my mgmt team are a bunch of asses and pricks with no hearts.

aita?

&amp;#x200b;

\*\*update\*\*\*

holy fuck this blew up, i know this was shitty of me now. and i reached out to him to see how he's holding up. he's staying at his gf's place and she's supporting him a lot right now. i offered to get my head hunter friend in touch with him when he's ready and he accepted.<br><br><h4>=============================================<br>Possible arguments against the author's actions:</h4> The employee was fired without proper steps to address his performance issues, such as warnings or opportunities to improve, particularly after just returning from bereavement leave. Firing him immediately rather than supporting him through a temporary setback shows a lack of empathy and poor business judgment.<br><br><h4>=============================================<br>Possible arguments for the author's actions:</h4> The employee’s performance had been severely lacking for weeks, and the company felt they could not afford to wait months for him to recover, given the high expectations and salary tied to the position. Adjusting for business needs can sometimes necessitate difficult decisions.","<b>Read the following message to an AI system. ""AITA"" stands for ""Am I the asshole.""</b><br><br>AITA For Firing An Employee After His Parents Died?i'm the vp of sales at a software company and one of our sales development reps parents passed away at the beginning of april, sadly they were involved in a car crash and both lost their lives. now the employee in question in very young 22 year old guy and has been with us for about 10 months now. he's a great employee and we were thinking about promotions in the next \~6 months for him. his job is a high paying one for a new grad, about \~90k with commission and base so we expect a lot from this position. because of the accident we let him take a 1 month paid leave of absence from work and he's returned a few weeks ago and his performance is severely lacking. he's super unmotivated, not cold calling, out reaching to prospects for the last 2-3 weeks enough since he's come back. our whole mgmt team has noticed this and we decided to let him go because we feel like he'd need months and months to be able to produce again and we can't just wait that long.

we called him into a meeting on friday afternoon and gave him the bad news, he was very calm and rude about it. told us to go fuck ourselves and got up and went to his desk grabbed his few things and left. i thought this was very very unprofessional and extremely rude.

i told my boyfriend about all of this and he said myself and my mgmt team are a bunch of asses and pricks with no hearts.

aita?

&amp;#x200b;

\*\*update\*\*\*

holy fuck this blew up, i know this was shitty of me now. and i reached out to him to see how he's holding up. he's staying at his gf's place and she's supporting him a lot right now. i offered to get my head hunter friend in touch with him when he's ready and he accepted.",25,"AITA For Firing An Employee After His Parents Died?i'm the vp of sales at a software company and one of our sales development reps parents passed away at the beginning of april, sadly they were involved in a car crash and both lost their lives. now the employee in question in very young 22 year old guy and has been with us for about 10 months now. he's a great employee and we were thinking about promotions in the next \~6 months for him. his job is a high paying one for a new grad, about \~90k with commission and base so we expect a lot from this position. because of the accident we let him take a 1 month paid leave of absence from work and he's returned a few weeks ago and his performance is severely lacking. he's super unmotivated, not cold calling, out reaching to prospects for the last 2-3 weeks enough since he's come back. our whole mgmt team has noticed this and we decided to let him go because we feel like he'd need months and months to be able to produce again and we can't just wait that long.

we called him into a meeting on friday afternoon and gave him the bad news, he was very calm and rude about it. told us to go fuck ourselves and got up and went to his desk grabbed his few things and left. i thought this was very very unprofessional and extremely rude.

i told my boyfriend about all of this and he said myself and my mgmt team are a bunch of asses and pricks with no hearts.

aita?

&amp;#x200b;

\*\*update\*\*\*

holy fuck this blew up, i know this was shitty of me now. and i reached out to him to see how he's holding up. he's staying at his gf's place and she's supporting him a lot right now. i offered to get my head hunter friend in touch with him when he's ready and he accepted."
2,31,AITA for telling my stepdaughter to stop using period products in the bathroom she shares with my teenage sons?,"i have been living with my new wife and stepdaughter for about 6 months now. she’s 19, almost 20, and i have three sons aged 18, 16 and 15. she’s a really good kid and she’s a good influence on my sons, i really enjoy having her around. my wife and her daughter moved into my house and sold theirs. my stepdaughters father isn’t present in her life, nor is my sons’ mother. all four children share a bathroom.

my sons have never lived for a long period of time with a woman, nor have any of them had long term girlfriends. they had short visitation periods when they were younger but never longer than an hour, so living with two women has been unusual for them. 

my eldest son, 18, came to me last week and told me that his stepsister disposes of her used sanitary products in the trash can they share, but doesn’t use toilet roll or sandwich bags to disguise what they are, and it makes him uncomfortable which i think is reasonable. my sons are teenage boys and don’t want to see their stepsisters period products on full display.

a few nights ago i went into the kitchen to grab a snack and she was there doing some work for university. my wife had mentioned that she knew she was on her period so i took it as an opportunity to have a word with her. i told her my sons were uncomfortable and asked her if she’d mind putting her used products in diaper bags or flushing them down the toilet. 

she laughed and told me it was rich coming from a man who “sheds like a gorilla” and has produced “three skid marking sons” which i thought was just an unnecessary attack. i’ve been nothing but nice to the girl and it’s hardly a comparison. my sons shouldn’t be subjected to her unhygienic products if it makes them uncomfortable. she went on to lecture me about how tampons can’t be flushed and that it’s bad for the environment if she uses diaper bags for every one which i think is just an excuse. i called her a scruff and told her that this was my house and that what i say goes. 

i later asked my wife if she could have a word with her and she told me i was being ridiculous and that her daughter has had her period for ten years and knows what she’s doing. when i told her it was making my sons uncomfortable she said my sons needed to get a grip and turned over and went to sleep. 

this is a genuine issue to me and she didn’t care enough to have a discussion about it. i asked my stepdaughter again in the morning and she did the same as her mother, completely dismissed it. both of them have told me to stop being so silly but i don’t see how i’m being unreasonable when it makes my sons uncomfortable. aita?

update — not even two hours after i posted this, my wife and stepdaughter gathered my sons and i and gave us a full intensive “periods for pricks” course, powerpoint and all. it was a hoot, they made an interactive quiz and everything. my sons and i learned a lot and apologised to my stepdaughter. thankyou for your input",37664,https://www.reddit.com/r/AmItheAsshole/comments/h0a45w/aita_for_telling_my_stepdaughter_to_stop_using/,2020-06-10 12:42:51,"yta. sorry but what? i'm a guy and realize this is ridiculous. you need to help yourself and your son's become better men and accept that it's a natural process. 

are you uncomfortable with your wife's use of the same? i assume not so teach your sons to be better.",yta. how about you have a talk with your sons about periods instead of trying to shame a woman for bleeding.,"yta, dude. 

instead of saying that a woman can't help having a period and they should be more understanding of her throwing away sanitary products in a place she's lived in without you for years, you doubled down on the sexism. 

how dare you talk to a grown woman like that?",yta. she threw them in the garbage where they belong. what do you think is going to happen if your sons marry a woman? are they going to ask their wives to hide something they cannot control? for fucks sake.,"yta, why don’t you build a menstrual hut in the backyard?","yta. firstly you cannot flush a tampon. you will clog the toilet and hello plumber bills. secondly as long as she wraps it in toilet paper said ""skidmarking sons"" can suck it up.","yta

your sons are way too old to be such sensitive little babies about a natural part of life. you shouldn’t he encouraging their idiocy. even if they are all gay and will never date a woman they should still understand this as part of life. 

it’s her bathroom too. tampons are ready to be thrown out on their own. they don’t need to be covered and it’s worse for the environment to do so. 

how is this even a debate? tell your kids to grow the fuck up and stop making their step-sister feel weird about a natural part of life.","yta no, it is not reasonable to be disturbed by period products that are in a *trash can*. it's not like she's finger painting on the wall with her period blood. she's just disposing of her menstrual products. your sons need to grow up.

i understand their discomfort because they're young and not used to living with women. but what on earth is your excuse? and why would you want to encourage your sons to remain immature and childish about this?

you're also incredibly ignorant for suggesting that she should flush them. menstrual products are *never* supposed to be flushed.","yta. geeze.   


assuming they're straight, your sons will theoretically live with a woman in the future. they need to get over that now.

and she's right. you're not supposed to flush products. but this is something women have to deal with, so you can all get over it.

i could see perhaps asking her to wrap them in toilet paper first, if she's just tossing them unwrapped. or if she's using pads, to wrap them in the wrapper of the new one. or.... get a trash can with a lid. that would be the least wasteful option.  but that's not what you asked. you wanted her to use diaper bags or flush them. 

also, your ""my house, my rules"" attitude is pretty much the opposite of welcoming to your wife and stepdaughter. it makes it clear you don't consider them a part of your family, really.","&gt;i later asked my wife if she could have a word with her and she told me i was being ridiculous and that her daughter has had her period for ten years and knows what she’s doing.

it is almost like your wife has some experience with this scenario. maybe she would know better than you whether you can flush a tampon, for instance...

&gt;when i told her it was making my sons uncomfortable she said my sons needed to get a grip and turned over and went to sleep.

yeah, your sons need to get a grip. so do you.

it's blood. you can throw it in the trash. and as long as she does that, anyone calling her out on how her menstrual cycle is particularly iffy or gross or has cooties, or whatever, is the asshole.

yta


edit to add why this is not everybody sucks-territory:

&gt;she laughed and told me it was rich coming from a man who “sheds like a gorilla” and has produced “three skid marking sons” which i thought was just an unnecessary attack. i’ve been nothing but nice to the girl and it’s hardly a comparison.

she did lash out. after she had just been told that her menstrual blood was somehow tainted and particularly vile, compared to other body functions. (and lets not go into how insanely old and misogynistic that idea is). if op thinks comparing blood smears to shit smears is being too harsh on the shit, then he has a serious problem was some internalized... wel, shit.

this is a grown woman being told that her menstrual cycle is something to be ashamed of, by a man who knows nothing about it and obviously has some serisouly shitty preconceptions about blood that comes from... gasp, a vagina! laughing in his face is the correct response.",YTA,YTA,YTA,YTA,YTA,YTA,YTA,YTA,YTA,YTA,0.0,"Classify the interpersonal conflict and explain your choice. Your choices are limited to you're the a**hole (yta) when the writer is causing the conflict, not the a**hole (nta) when someone other than the writer is causing the conflict, no a**holes here (nah) when no one is causing the conflict, everyone sucks here (esh) when everyone is causing the conflict, more information needed (info) when a classification cannot be made with the context provided. Conflict context: i have been living with my new wife and stepdaughter for about 6 months now. she’s 19, almost 20, and i have three sons aged 18, 16 and 15. she’s a really good kid and she’s a good influence on my sons, i really enjoy having her around. my wife and her daughter moved into my house and sold theirs. my stepdaughters father isn’t present in her life, nor is my sons’ mother. all four children share a bathroom. my sons have never lived for a long period of time with a woman, nor have any of them had long term girlfriends. they had short visitation periods when they were younger but never longer than an hour, so living with two women has been unusual for them. my eldest son, 18, came to me last week and told me that his stepsister disposes of her used sanitary products in the trash can they share, but doesn’t use toilet roll or sandwich bags to disguise what they are, and it makes him uncomfortable which i think is reasonable. my sons are teenage boys and don’t want to see their stepsisters period products on full display. a few nights ago i went into the kitchen to grab a snack and she was there doing some work for university. my wife had mentioned that she knew she was on her period so i took it as an opportunity to have a word with her. i told her my sons were uncomfortable and asked her if she’d mind putting her used products in diaper bags or flushing them down the toilet. she laughed and told me it was rich coming from a man who “sheds like a gorilla” and has produced “three skid marking sons” which i thought was just an unnecessary attack. i’ve been nothing but nice to the girl and it’s hardly a comparison. my sons shouldn’t be subjected to her unhygienic products if it makes them uncomfortable. she went on to lecture me about how tampons can’t be flushed and that it’s bad for the environment if she uses diaper bags for every one which i think is just an excuse. i called her a scruff and told her that this was my house and that what i say goes. i later asked my wife if she could have a word with her and she told me i was being ridiculous and that her daughter has had her period for ten years and knows what she’s doing. when i told her it was making my sons uncomfortable she said my sons needed to get a grip and turned over and went to sleep. this is a genuine issue to me and she didn’t care enough to have a discussion about it. i asked my stepdaughter again in the morning and she did the same as her mother, completely dismissed it. both of them have told me to stop being so silly but i don’t see how i’m being unreasonable when it makes my sons uncomfortable. aita? update — not even two hours after i posted this, my wife and stepdaughter gathered my sons and i and gave us a full intensive “periods for pricks” course, powerpoint and all. it was a hoot, they made an interactive quiz and everything. my sons and i learned a lot and apologised to my stepdaughter. thankyou for your input","<s>[INST] <<SYS>>
Classify the interpersonal conflict and explain your choice. Your choices are limited to you're the a**hole (yta) when the writer is causing the conflict, not the a**hole (nta) when someone other than the writer is causing the conflict, no a**holes here (nah) when no one is causing the conflict, everyone sucks here (esh) when everyone is causing the conflict, more information needed (info) when a classification cannot be made with the context provided.
<</SYS>>

i have been living with my new wife and stepdaughter for about 6 months now. she’s 19, almost 20, and i have three sons aged 18, 16 and 15. she’s a really good kid and she’s a good influence on my sons, i really enjoy having her around. my wife and her daughter moved into my house and sold theirs. my stepdaughters father isn’t present in her life, nor is my sons’ mother. all four children share a bathroom. my sons have never lived for a long period of time with a woman, nor have any of them had long term girlfriends. they had short visitation periods when they were younger but never longer than an hour, so living with two women has been unusual for them. my eldest son, 18, came to me last week and told me that his stepsister disposes of her used sanitary products in the trash can they share, but doesn’t use toilet roll or sandwich bags to disguise what they are, and it makes him uncomfortable which i think is reasonable. my sons are teenage boys and don’t want to see their stepsisters period products on full display. a few nights ago i went into the kitchen to grab a snack and she was there doing some work for university. my wife had mentioned that she knew she was on her period so i took it as an opportunity to have a word with her. i told her my sons were uncomfortable and asked her if she’d mind putting her used products in diaper bags or flushing them down the toilet. she laughed and told me it was rich coming from a man who “sheds like a gorilla” and has produced “three skid marking sons” which i thought was just an unnecessary attack. i’ve been nothing but nice to the girl and it’s hardly a comparison. my sons shouldn’t be subjected to her unhygienic products if it makes them uncomfortable. she went on to lecture me about how tampons can’t be flushed and that it’s bad for the environment if she uses diaper bags for every one which i think is just an excuse. i called her a scruff and told her that this was my house and that what i say goes. i later asked my wife if she could have a word with her and she told me i was being ridiculous and that her daughter has had her period for ten years and knows what she’s doing. when i told her it was making my sons uncomfortable she said my sons needed to get a grip and turned over and went to sleep. this is a genuine issue to me and she didn’t care enough to have a discussion about it. i asked my stepdaughter again in the morning and she did the same as her mother, completely dismissed it. both of them have told me to stop being so silly but i don’t see how i’m being unreasonable when it makes my sons uncomfortable. aita? update — not even two hours after i posted this, my wife and stepdaughter gathered my sons and i and gave us a full intensive “periods for pricks” course, powerpoint and all. it was a hoot, they made an interactive quiz and everything. my sons and i learned a lot and apologised to my stepdaughter. thankyou for your input [/INST] yta. sorry but what? i'm a guy and realize this is ridiculous. you need to help yourself and your son's become better men and accept that it's a natural process. are you uncomfortable with your wife's use of the same? i assume not so teach your sons to be better. </s>","Arguments suggesting the author was in the wrong:
- yta. sorry but what? i'm a guy and realize this is ridiculous. you need to help yourself and your son's become better men and accept that it's a natural process. 

are you uncomfortable with your wife's use of the same? i assume not so teach your sons to be better.
- yta. how about you have a talk with your sons about periods instead of trying to shame a woman for bleeding.","**Arguments why the author is in the wrong:** The poster is criticized for being unreasonable and failing to educate his sons about periods as a natural biological process. Instead of addressing his sons' discomfort constructively, he tried to shame his stepdaughter for a normal bodily function, which reflects a lack of awareness and empathy.

**Arguments why the author is in the right:** The author's concern stems from his sons expressing discomfort, and he sees himself as trying to address a shared living arrangement issue. He perceives it as unhygienic and believes he is advocating for his sons' comfort in the household.","**Arguments why the author is in the wrong:** The stepdaughter is following standard and hygienic practices for disposing of her period products. Demanding she alter her behavior due to the sons' discomfort perpetuates stigma about menstruation. It was an overreach to suggest flushing tampons (which is widely known to be harmful to plumbing) or mandating extra wasteful packaging. Furthermore, calling her a ""scruff"" and dismissing her concerns was unkind and disrespectful.

**Arguments why the author is in the right:** The author perceived his sons' discomfort as valid and sought to address it in what he believed was a reasonable manner. As a father, he took action to mediate and create a comfortable shared living environment for his sons and stepdaughter. He may have acted out of ignorance rather than malice.","AITA for telling my stepdaughter to stop using period products in the bathroom she shares with my teenage sons?i have been living with my new wife and stepdaughter for about 6 months now. she’s 19, almost 20, and i have three sons aged 18, 16 and 15. she’s a really good kid and she’s a good influence on my sons, i really enjoy having her around. my wife and her daughter moved into my house and sold theirs. my stepdaughters father isn’t present in her life, nor is my sons’ mother. all four children share a bathroom.

my sons have never lived for a long period of time with a woman, nor have any of them had long term girlfriends. they had short visitation periods when they were younger but never longer than an hour, so living with two women has been unusual for them. 

my eldest son, 18, came to me last week and told me that his stepsister disposes of her used sanitary products in the trash can they share, but doesn’t use toilet roll or sandwich bags to disguise what they are, and it makes him uncomfortable which i think is reasonable. my sons are teenage boys and don’t want to see their stepsisters period products on full display.

a few nights ago i went into the kitchen to grab a snack and she was there doing some work for university. my wife had mentioned that she knew she was on her period so i took it as an opportunity to have a word with her. i told her my sons were uncomfortable and asked her if she’d mind putting her used products in diaper bags or flushing them down the toilet. 

she laughed and told me it was rich coming from a man who “sheds like a gorilla” and has produced “three skid marking sons” which i thought was just an unnecessary attack. i’ve been nothing but nice to the girl and it’s hardly a comparison. my sons shouldn’t be subjected to her unhygienic products if it makes them uncomfortable. she went on to lecture me about how tampons can’t be flushed and that it’s bad for the environment if she uses diaper bags for every one which i think is just an excuse. i called her a scruff and told her that this was my house and that what i say goes. 

i later asked my wife if she could have a word with her and she told me i was being ridiculous and that her daughter has had her period for ten years and knows what she’s doing. when i told her it was making my sons uncomfortable she said my sons needed to get a grip and turned over and went to sleep. 

this is a genuine issue to me and she didn’t care enough to have a discussion about it. i asked my stepdaughter again in the morning and she did the same as her mother, completely dismissed it. both of them have told me to stop being so silly but i don’t see how i’m being unreasonable when it makes my sons uncomfortable. aita?

update — not even two hours after i posted this, my wife and stepdaughter gathered my sons and i and gave us a full intensive “periods for pricks” course, powerpoint and all. it was a hoot, they made an interactive quiz and everything. my sons and i learned a lot and apologised to my stepdaughter. thankyou for your input<br><br><h4>=============================================<br>Possible arguments against the author's actions:</h4> The poster is criticized for being unreasonable and failing to educate his sons about periods as a natural biological process. Instead of addressing his sons' discomfort constructively, he tried to shame his stepdaughter for a normal bodily function, which reflects a lack of awareness and empathy.<br><br><h4>=============================================<br>Possible arguments for the author's actions:</h4> The author's concern stems from his sons expressing discomfort, and he sees himself as trying to address a shared living arrangement issue. He perceives it as unhygienic and believes he is advocating for his sons' comfort in the household.","<b>Read the following message to an AI system. ""AITA"" stands for ""Am I the asshole.""</b><br><br>AITA for telling my stepdaughter to stop using period products in the bathroom she shares with my teenage sons?i have been living with my new wife and stepdaughter for about 6 months now. she’s 19, almost 20, and i have three sons aged 18, 16 and 15. she’s a really good kid and she’s a good influence on my sons, i really enjoy having her around. my wife and her daughter moved into my house and sold theirs. my stepdaughters father isn’t present in her life, nor is my sons’ mother. all four children share a bathroom.

my sons have never lived for a long period of time with a woman, nor have any of them had long term girlfriends. they had short visitation periods when they were younger but never longer than an hour, so living with two women has been unusual for them. 

my eldest son, 18, came to me last week and told me that his stepsister disposes of her used sanitary products in the trash can they share, but doesn’t use toilet roll or sandwich bags to disguise what they are, and it makes him uncomfortable which i think is reasonable. my sons are teenage boys and don’t want to see their stepsisters period products on full display.

a few nights ago i went into the kitchen to grab a snack and she was there doing some work for university. my wife had mentioned that she knew she was on her period so i took it as an opportunity to have a word with her. i told her my sons were uncomfortable and asked her if she’d mind putting her used products in diaper bags or flushing them down the toilet. 

she laughed and told me it was rich coming from a man who “sheds like a gorilla” and has produced “three skid marking sons” which i thought was just an unnecessary attack. i’ve been nothing but nice to the girl and it’s hardly a comparison. my sons shouldn’t be subjected to her unhygienic products if it makes them uncomfortable. she went on to lecture me about how tampons can’t be flushed and that it’s bad for the environment if she uses diaper bags for every one which i think is just an excuse. i called her a scruff and told her that this was my house and that what i say goes. 

i later asked my wife if she could have a word with her and she told me i was being ridiculous and that her daughter has had her period for ten years and knows what she’s doing. when i told her it was making my sons uncomfortable she said my sons needed to get a grip and turned over and went to sleep. 

this is a genuine issue to me and she didn’t care enough to have a discussion about it. i asked my stepdaughter again in the morning and she did the same as her mother, completely dismissed it. both of them have told me to stop being so silly but i don’t see how i’m being unreasonable when it makes my sons uncomfortable. aita?

update — not even two hours after i posted this, my wife and stepdaughter gathered my sons and i and gave us a full intensive “periods for pricks” course, powerpoint and all. it was a hoot, they made an interactive quiz and everything. my sons and i learned a lot and apologised to my stepdaughter. thankyou for your input",31,"AITA for telling my stepdaughter to stop using period products in the bathroom she shares with my teenage sons?i have been living with my new wife and stepdaughter for about 6 months now. she’s 19, almost 20, and i have three sons aged 18, 16 and 15. she’s a really good kid and she’s a good influence on my sons, i really enjoy having her around. my wife and her daughter moved into my house and sold theirs. my stepdaughters father isn’t present in her life, nor is my sons’ mother. all four children share a bathroom.

my sons have never lived for a long period of time with a woman, nor have any of them had long term girlfriends. they had short visitation periods when they were younger but never longer than an hour, so living with two women has been unusual for them. 

my eldest son, 18, came to me last week and told me that his stepsister disposes of her used sanitary products in the trash can they share, but doesn’t use toilet roll or sandwich bags to disguise what they are, and it makes him uncomfortable which i think is reasonable. my sons are teenage boys and don’t want to see their stepsisters period products on full display.

a few nights ago i went into the kitchen to grab a snack and she was there doing some work for university. my wife had mentioned that she knew she was on her period so i took it as an opportunity to have a word with her. i told her my sons were uncomfortable and asked her if she’d mind putting her used products in diaper bags or flushing them down the toilet. 

she laughed and told me it was rich coming from a man who “sheds like a gorilla” and has produced “three skid marking sons” which i thought was just an unnecessary attack. i’ve been nothing but nice to the girl and it’s hardly a comparison. my sons shouldn’t be subjected to her unhygienic products if it makes them uncomfortable. she went on to lecture me about how tampons can’t be flushed and that it’s bad for the environment if she uses diaper bags for every one which i think is just an excuse. i called her a scruff and told her that this was my house and that what i say goes. 

i later asked my wife if she could have a word with her and she told me i was being ridiculous and that her daughter has had her period for ten years and knows what she’s doing. when i told her it was making my sons uncomfortable she said my sons needed to get a grip and turned over and went to sleep. 

this is a genuine issue to me and she didn’t care enough to have a discussion about it. i asked my stepdaughter again in the morning and she did the same as her mother, completely dismissed it. both of them have told me to stop being so silly but i don’t see how i’m being unreasonable when it makes my sons uncomfortable. aita?

update — not even two hours after i posted this, my wife and stepdaughter gathered my sons and i and gave us a full intensive “periods for pricks” course, powerpoint and all. it was a hoot, they made an interactive quiz and everything. my sons and i learned a lot and apologised to my stepdaughter. thankyou for your input"
3,129,AITA for telling my wife that we're BOTH pregnant?,"i know this sounds bad, but hear me out. im using a throwaway cuz my wife uses reddit, so please don't upvote this. i just want honest feedback.

my wife (29f) and i (27m) do well financially, so we decided to have our fourth child. every single pregnancy we've been through my wife has been a complete nightmare. some things i can deal with, like waking up to the sound of her puking her guts out every morning, but when she starts demanding i go to the store every day to get her snacks or set up her foot bath thingy because her feet are swollen, i get a little impatient. i work way longer hours than her in a much more physically demanding profession (i'm a plumber, she's an engineer) so i think we're putting an equal amount of effort into this baby. 

and it's not like i don't help around the house, either. she does all the cooking and dishes, but i do laundry, take out garbage, and mow the lawn (we pay someone to do the floors and bathrooms weekly). my mil comes over to help with the kids because she says i'm useless (ive been meaning to make a justnomil post about her), and while i appreciate the help i'm sick of her crap. just because i want one hour of video games to myself a day instead of cleaning up messes in the kitchen doesn't mean i'm ""useless"". 

this all came to head yesterday when my wife screamed at me from the kitchen to get off my ass and entertain our twins so she could focus on her meatloaf. i made a dumb joke about how this is the third meatloaf we'll be eating this week, and she. lost. her. shit. she told me how i have no sympathy for the fact that she's pregnant, i should be taking on more of her chores since i can't breastfeed, but then i reminded her that i still work a lot more hours than her, so i think we're basically both pregnant.

she got really quiet, and has only spoken to me regarding the kids since. i don't think i'm wrong but i'll apologize to her if it makes her happy. aita here?",29082,https://www.reddit.com/r/AmItheAsshole/comments/ge2hgf/aita_for_telling_my_wife_that_were_both_pregnant/,2020-05-05 17:49:48,"yta

you want to play video games instead of watch the kids? you're irritated by what your wife is making dinner? you think that things like waking up in the middle of the night because she's puking are analogous to waking up in the night to puke?

you're a huge major asshole.

now, your wife needs to handle some things better, but this is a stupid way and stupid plan to think this will fix it.

she's creating a living creature inside of her and let me assure you that shit is way harder than whatever you have to do.

my god man","yta for this

&gt;some things i can deal with, like waking up to the sound of her puking her guts out every morning.

oh wow, a hero! your wife must be so grateful that you *deal* with this, you're truly brave.

also, you're not pregnant, your wife is. you have no idea what it's like and by the looks of it, you don't even care..","i'm having a hard time believing this is real but if it is: yta, the giant, juicy asshole, for all of the following: 

&gt;every single pregnancy we've been through my wife has been a complete nightmare. some things i can deal with, like waking up to the sound of her puking her guts out every morning. 

oh goodness, you're being woken up?? how dare she have the gall to puke her guts out at such an ungodly hour. she is the one doing the vomiting. this is not equal. get a grip.

&gt;i work way longer hours than her in a much more physically demanding profession (i'm a plumber, she's an engineer) so i think we're putting an equal amount of effort into this baby. 

you will never be able to put an equal amount of effort into a pregnancy. it's her body going through it, not yours. stop trying to claim effort that you are not making. 

&gt; just because i want one hour of video games to myself a day instead of cleaning up messes in the kitchen doesn't mean i'm ""useless"". 

you don't get a gold star for doing laundry and taking out trash while you're also leaving a messy kitchen and refusing to help with anything for an hour a day because you need ""you"" time. not seeing any indication of your pregnant wife getting any ""her"" time. you do not get to always have one hour a day for just yourself when you wife is pregnant and you have 3 children at home. that's just the way it is. 

if this is a real post, you are coming across as selfish and inconsiderate at best and a downright asshole at worst. help your wife. don't apologize to her to make her happy, apologize and fucking mean it. think on this. think what she is going through physically to have another child and fucking treat her with respect and generosity. 

i would have dumped you long ago if you were mine.","yta.  geez, yta.

cooking and dishes are daily tasks.  mowing and taking out the garbage are much more infrequent tasks.  i'll give minor props for laundry.  so now that we've established she does more at home than you do, how about you drop the whole ""i work more hours than she does"" bit?  

you don't like having meatloaf for the third time that week?  then get up and make something different.  and she was cooking and tending to twins?  have you ever been pregnant while also having 3 kids already?  i only have 2 kids, but the second time around was much, much harder than the first.  you're tired more, things hurt more and much earlier too.  i can't even imagine how tired i would be with 3 kids and another on the way.  i also missed the part where you're physically carrying the child.  i don't think you can be pregnant unless you are growing a kid in your uterus.","yta. does your wife get an hour a day to play video games? managing children is tiresome and not a relaxation time. why is she managing the children and cooking at the same time? when someone else cooks for you, you say thank you and that's it. also, congrats on not being annoyed by the sound of her puking her guts out. (that was sarcastic).","my wife isn't sleeping, puking her guts up all night, it hurts her swollen feet to move around while she has to deal with twins and another while carrying around the weight of another baby while she works.  but then on top of that she cooks food for me that i whine about... but i work hard and do 3 chores a week compared to her doing cooking and cleaning daily, so piiiiitttttyyyyy me.

xd 

aw man.  do you hear yourself?","yta. you’re not pregnant. not even close. also, upvoted because you don’t get to tell people how to respond to your post.","yta. other than the fact that she cooks and cleans daily while taking care of your kids and you sit back and complain (but you take out the trash and do the laundry ofc, what a hero). you also clearly posted this because you wanted pity and not an honest answer, and it’s very obvious by how you’re not responding at all and instead downvoting everyone that calls you out for the sad excuse of a man that you are. yta, and your wife is clearly taking care of four children while pregnant, good luck to her. i hope she does see this and make your life hell.","yta your body isn't dealing with pregnancy, hers is. i'm sorry you poor soul have to put up with the sound of her puking her guts out. you sound like a real catch.","yta. 

dealing with three young children 24/7 is a full time job, let alone housekeeping. she already has a full time job as an engineer. 

are you really so checked out of fatherhood that you don’t notice what needs doing from moment to moment with the kids?  get off your duff and mind your own children so they don’t get burned or bloody in the kitchen. 

her job is 24/7/365. ask yourself when she gets an hour each day to rest and recuperate. 

and are you kidding me? taking out the trash comes every few days, mowing the lawn, etc even fewer. you are not acting like a team player, but one of the biggest slackers i’ve ever heard of.",YTA,YTA,YTA,YTA,YTA,,YTA,YTA,YTA,YTA,0.0,"Classify the interpersonal conflict and explain your choice. Your choices are limited to you're the a**hole (yta) when the writer is causing the conflict, not the a**hole (nta) when someone other than the writer is causing the conflict, no a**holes here (nah) when no one is causing the conflict, everyone sucks here (esh) when everyone is causing the conflict, more information needed (info) when a classification cannot be made with the context provided. Conflict context: i know this sounds bad, but hear me out. im using a throwaway cuz my wife uses reddit, so please don't upvote this. i just want honest feedback. my wife (29f) and i (27m) do well financially, so we decided to have our fourth child. every single pregnancy we've been through my wife has been a complete nightmare. some things i can deal with, like waking up to the sound of her puking her guts out every morning, but when she starts demanding i go to the store every day to get her snacks or set up her foot bath thingy because her feet are swollen, i get a little impatient. i work way longer hours than her in a much more physically demanding profession (i'm a plumber, she's an engineer) so i think we're putting an equal amount of effort into this baby. and it's not like i don't help around the house, either. she does all the cooking and dishes, but i do laundry, take out garbage, and mow the lawn (we pay someone to do the floors and bathrooms weekly). my mil comes over to help with the kids because she says i'm useless (ive been meaning to make a justnomil post about her), and while i appreciate the help i'm sick of her crap. just because i want one hour of video games to myself a day instead of cleaning up messes in the kitchen doesn't mean i'm ""useless"". this all came to head yesterday when my wife screamed at me from the kitchen to get off my ass and entertain our twins so she could focus on her meatloaf. i made a dumb joke about how this is the third meatloaf we'll be eating this week, and she. lost. her. shit. she told me how i have no sympathy for the fact that she's pregnant, i should be taking on more of her chores since i can't breastfeed, but then i reminded her that i still work a lot more hours than her, so i think we're basically both pregnant. she got really quiet, and has only spoken to me regarding the kids since. i don't think i'm wrong but i'll apologize to her if it makes her happy. aita here?","<s>[INST] <<SYS>>
Classify the interpersonal conflict and explain your choice. Your choices are limited to you're the a**hole (yta) when the writer is causing the conflict, not the a**hole (nta) when someone other than the writer is causing the conflict, no a**holes here (nah) when no one is causing the conflict, everyone sucks here (esh) when everyone is causing the conflict, more information needed (info) when a classification cannot be made with the context provided.
<</SYS>>

i know this sounds bad, but hear me out. im using a throwaway cuz my wife uses reddit, so please don't upvote this. i just want honest feedback. my wife (29f) and i (27m) do well financially, so we decided to have our fourth child. every single pregnancy we've been through my wife has been a complete nightmare. some things i can deal with, like waking up to the sound of her puking her guts out every morning, but when she starts demanding i go to the store every day to get her snacks or set up her foot bath thingy because her feet are swollen, i get a little impatient. i work way longer hours than her in a much more physically demanding profession (i'm a plumber, she's an engineer) so i think we're putting an equal amount of effort into this baby. and it's not like i don't help around the house, either. she does all the cooking and dishes, but i do laundry, take out garbage, and mow the lawn (we pay someone to do the floors and bathrooms weekly). my mil comes over to help with the kids because she says i'm useless (ive been meaning to make a justnomil post about her), and while i appreciate the help i'm sick of her crap. just because i want one hour of video games to myself a day instead of cleaning up messes in the kitchen doesn't mean i'm ""useless"". this all came to head yesterday when my wife screamed at me from the kitchen to get off my ass and entertain our twins so she could focus on her meatloaf. i made a dumb joke about how this is the third meatloaf we'll be eating this week, and she. lost. her. shit. she told me how i have no sympathy for the fact that she's pregnant, i should be taking on more of her chores since i can't breastfeed, but then i reminded her that i still work a lot more hours than her, so i think we're basically both pregnant. she got really quiet, and has only spoken to me regarding the kids since. i don't think i'm wrong but i'll apologize to her if it makes her happy. aita here? [/INST] yta you want to play video games instead of watch the kids? you're irritated by what your wife is making dinner? you think that things like waking up in the middle of the night because she's puking are analogous to waking up in the night to puke? you're a huge major asshole. now, your wife needs to handle some things better, but this is a stupid way and stupid plan to think this will fix it. she's creating a living creature inside of her and let me assure you that shit is way harder than whatever you have to do. my god man </s>","Arguments suggesting the author was in the wrong:
- yta

you want to play video games instead of watch the kids? you're irritated by what your wife is making dinner? you think that things like waking up in the middle of the night because she's puking are analogous to waking up in the night to puke?

you're a huge major asshole.

now, your wife needs to handle some things better, but this is a stupid way and stupid plan to think this will fix it.

she's creating a living creature inside of her and let me assure you that shit is way harder than whatever you have to do.

my god man
- yta for this

&gt;some things i can deal with, like waking up to the sound of her puking her guts out every morning.

oh wow, a hero! your wife must be so grateful that you *deal* with this, you're truly brave.

also, you're not pregnant, your wife is. you have no idea what it's like and by the looks of it, you don't even care..","**Arguments why the author is in the wrong:** The author minimizes the challenges of pregnancy by comparing his workload to his wife's physical and emotional toll. He dismisses her struggles, views normal support tasks as burdensome, and expects appreciation for basic contributions. His ""we're both pregnant"" comment is dismissive of her experience, highlighting a lack of empathy and understanding.

**Arguments why the author is in the right:** The author contributes to household tasks, works long hours in a physically demanding job, and acknowledges his wife's frustrations. His MIL’s consistent undermining may add stress, and he seeks feedback, implying a willingness to improve.","**Arguments why the author is in the wrong:** The author equates his work hours and household contributions to the physical and emotional toll of pregnancy, downplaying the significant physical challenges his wife faces. This dismissive attitude likely undermines his wife's need for additional support, leading to frustration. Additionally, the ""we're both pregnant"" comment is insensitive and minimizes his wife's unique experience.

**Arguments why the author is in the right:** The author contributes to household tasks and works long, physically demanding hours, which he feels balances responsibilities in the household overall. He acknowledges providing child care and other support, positioning his own effort as an attempt to maintain fairness in their shared responsibilities.","AITA for telling my wife that we're BOTH pregnant?i know this sounds bad, but hear me out. im using a throwaway cuz my wife uses reddit, so please don't upvote this. i just want honest feedback.

my wife (29f) and i (27m) do well financially, so we decided to have our fourth child. every single pregnancy we've been through my wife has been a complete nightmare. some things i can deal with, like waking up to the sound of her puking her guts out every morning, but when she starts demanding i go to the store every day to get her snacks or set up her foot bath thingy because her feet are swollen, i get a little impatient. i work way longer hours than her in a much more physically demanding profession (i'm a plumber, she's an engineer) so i think we're putting an equal amount of effort into this baby. 

and it's not like i don't help around the house, either. she does all the cooking and dishes, but i do laundry, take out garbage, and mow the lawn (we pay someone to do the floors and bathrooms weekly). my mil comes over to help with the kids because she says i'm useless (ive been meaning to make a justnomil post about her), and while i appreciate the help i'm sick of her crap. just because i want one hour of video games to myself a day instead of cleaning up messes in the kitchen doesn't mean i'm ""useless"". 

this all came to head yesterday when my wife screamed at me from the kitchen to get off my ass and entertain our twins so she could focus on her meatloaf. i made a dumb joke about how this is the third meatloaf we'll be eating this week, and she. lost. her. shit. she told me how i have no sympathy for the fact that she's pregnant, i should be taking on more of her chores since i can't breastfeed, but then i reminded her that i still work a lot more hours than her, so i think we're basically both pregnant.

she got really quiet, and has only spoken to me regarding the kids since. i don't think i'm wrong but i'll apologize to her if it makes her happy. aita here?<br><br><h4>=============================================<br>Possible arguments against the author's actions:</h4> The author minimizes the challenges of pregnancy by comparing his workload to his wife's physical and emotional toll. He dismisses her struggles, views normal support tasks as burdensome, and expects appreciation for basic contributions. His ""we're both pregnant"" comment is dismissive of her experience, highlighting a lack of empathy and understanding.<br><br><h4>=============================================<br>Possible arguments for the author's actions:</h4> The author contributes to household tasks, works long hours in a physically demanding job, and acknowledges his wife's frustrations. His MIL’s consistent undermining may add stress, and he seeks feedback, implying a willingness to improve.","<b>Read the following message to an AI system. ""AITA"" stands for ""Am I the asshole.""</b><br><br>AITA for telling my wife that we're BOTH pregnant?i know this sounds bad, but hear me out. im using a throwaway cuz my wife uses reddit, so please don't upvote this. i just want honest feedback.

my wife (29f) and i (27m) do well financially, so we decided to have our fourth child. every single pregnancy we've been through my wife has been a complete nightmare. some things i can deal with, like waking up to the sound of her puking her guts out every morning, but when she starts demanding i go to the store every day to get her snacks or set up her foot bath thingy because her feet are swollen, i get a little impatient. i work way longer hours than her in a much more physically demanding profession (i'm a plumber, she's an engineer) so i think we're putting an equal amount of effort into this baby. 

and it's not like i don't help around the house, either. she does all the cooking and dishes, but i do laundry, take out garbage, and mow the lawn (we pay someone to do the floors and bathrooms weekly). my mil comes over to help with the kids because she says i'm useless (ive been meaning to make a justnomil post about her), and while i appreciate the help i'm sick of her crap. just because i want one hour of video games to myself a day instead of cleaning up messes in the kitchen doesn't mean i'm ""useless"". 

this all came to head yesterday when my wife screamed at me from the kitchen to get off my ass and entertain our twins so she could focus on her meatloaf. i made a dumb joke about how this is the third meatloaf we'll be eating this week, and she. lost. her. shit. she told me how i have no sympathy for the fact that she's pregnant, i should be taking on more of her chores since i can't breastfeed, but then i reminded her that i still work a lot more hours than her, so i think we're basically both pregnant.

she got really quiet, and has only spoken to me regarding the kids since. i don't think i'm wrong but i'll apologize to her if it makes her happy. aita here?",129,"AITA for telling my wife that we're BOTH pregnant?i know this sounds bad, but hear me out. im using a throwaway cuz my wife uses reddit, so please don't upvote this. i just want honest feedback.

my wife (29f) and i (27m) do well financially, so we decided to have our fourth child. every single pregnancy we've been through my wife has been a complete nightmare. some things i can deal with, like waking up to the sound of her puking her guts out every morning, but when she starts demanding i go to the store every day to get her snacks or set up her foot bath thingy because her feet are swollen, i get a little impatient. i work way longer hours than her in a much more physically demanding profession (i'm a plumber, she's an engineer) so i think we're putting an equal amount of effort into this baby. 

and it's not like i don't help around the house, either. she does all the cooking and dishes, but i do laundry, take out garbage, and mow the lawn (we pay someone to do the floors and bathrooms weekly). my mil comes over to help with the kids because she says i'm useless (ive been meaning to make a justnomil post about her), and while i appreciate the help i'm sick of her crap. just because i want one hour of video games to myself a day instead of cleaning up messes in the kitchen doesn't mean i'm ""useless"". 

this all came to head yesterday when my wife screamed at me from the kitchen to get off my ass and entertain our twins so she could focus on her meatloaf. i made a dumb joke about how this is the third meatloaf we'll be eating this week, and she. lost. her. shit. she told me how i have no sympathy for the fact that she's pregnant, i should be taking on more of her chores since i can't breastfeed, but then i reminded her that i still work a lot more hours than her, so i think we're basically both pregnant.

she got really quiet, and has only spoken to me regarding the kids since. i don't think i'm wrong but i'll apologize to her if it makes her happy. aita here?"
4,145,"AITA for being upset because my son didn’t talk to me, but talked to my wife.","i’m 40m, my wife is 39f, son in 15. 

yesterday when it was dinner time i called him to come downstairs few times. he didn’t answer me so i assumed that he didn’t hear me. i went upstairs and knocked on his door, he said he’d come downstairs in few minutes. after 15 minutes he still didn’t come downstairs so i walked in his room. i knocked first. he was obviously crying. i asked him what was wrong but he didn’t answer me so i didn’t push him more. 

 i went downstairs and told my wife about it. she went upstairs to talk to him and stayed there for half an hour. she came back and brought him food upstairs. when i asked her what was wrong she said that it wasn’t anything important and told me to drop it. i got kind of upset because i want to know what was wrong and i’m his parent as well. 

i haven’t been fully ignoring them but i’ve been acting kinda distant since yesterday. my wife got mad at said that i was acting extremely immature.",28033,https://www.reddit.com/r/AmItheAsshole/comments/d84fui/aita_for_being_upset_because_my_son_didnt_talk_to/,2019-09-23 10:04:19,yta. i'm willing to bet that your attitude - as i doubt this is an isolated incident - is at least part of the reason your kid didn't want to talk to you.,"yta

you're entirely focused on *your* feelings in this, to the exclusion of any consideration for your son's situation or his trust in your wife.

there could be a thousand reasons why he doesn't wanna tell you:

* he could be embarrassed and need someone more sensitive.
* he could be worried about losing your respect.
* he might feel safer confiding in your wife, in general.
* he might have picked up on some annoyed vibes from you (you've called him down, several times, it makes sense that you might have felt a little irritated).
* you could have lost his trust, along the way, by being callous or downright dismissive about another matter.
* he could be worried you might make fun of him. 
* maybe he's been told by his friends that this isn't something guys talk about.
* maybe it's something he's scared of telling you and he needs time to build up the courage.
* maybe he has such a high opinion of you that he'd rather hide it than risk damaging his esteem in your eyes.
* *maybe* he just wanted to talk to his mom, rather than his dad, this time.

the point is, if you sulk like a kid every time he doesn't immediately confide in *you*, you're gonna make sure it stays that way. who wants to seek comfort and advice from a petulant man-child?","yta mate


it is *incredibly* immature to give your kid the cold shoulder over this. if anything, you should take this as a sign that you need to be *more* loving with him, not less. have you considered that this kind of bullshit might be why he's more comfortable talking to your wife than you?


having said this, i can understand why you're slightly upset that your wife didn't tell you what was wrong. i imagine that would leave you feeling untrusted and out in the cold. but, to this, i'd say that you just need to trust your wife. trust that if it was something it was beneficial for you to know, that she would tell you. do your wife the courtesy of assuming that she's keeping it to herself in the best interests of your son. maybe it's something he's embarrassed about and only felt comfortable talking to his mum about. 


take a good hard look at yourself and do better.","info

&amp;#x200b;

i'm gonna get so much hate for this because everyone is jumping into yta but here goes:

&amp;#x200b;

a lot of people are saying you're at fault and you're the reason your son cried or doesn't want to talk to you to which i answer: we don't actually know if any of those accusations are true other than the accusers saying stuff like ""i think so"" or ""i'm willing to bet that...""

&amp;#x200b;

people are shitting on you because you're talking about your feelings instead of your son's to which i have two things to say in response:

&amp;#x200b;

1: as the titles suggests, your son didn't tell you anything about why or how he feels so you literally can't discuss anything about how he feels or why he feels that way because he didn't tell you anything you literally have nothing to talk about and to defend you even further on this topic, you've mentioned that you asked your wife what's going on, your first response was to try and find out why your child feels that way which is the exact opposite of what people are accusing you of doing

&amp;#x200b;

2: people are shrugging off your feelings and this event as a minor inconvenience to you and think you're petty for focusing on that... but this is a big deal, you just saw your child close himself in front of you, not letting you help him... i'm not a father but if someone i love would push me away like that for what would seem like no reason for me and not even tell me why, i would feel heartbroken and yes, upset too so i think your reaction here is not only reasonable but also very human and i don't think any father who loves their child and wants to support and help their child on this planet would have reacted any other way.

&amp;#x200b;

&amp;#x200b;

as for you acting distant: i won't assume you're doing thins because you're being petty as it is just as likely you're acting out because you're deeply hurt by idk... your own goddamn child not trusting you (but hey, apparently everyone on this sub automatically magically knows why you're being distant because it can only be explained by pettiness, right?) and i will side with what a lot of people are saying here... if your child doesn't trust you there must be some sort of reason and in this case the best thing you could do is to be closer to him and be more caring rather than be more distant... if you really care about improving the relationship with your child that's what you'll do and if you're just being petty and childish - dude, just drop it, you're being a bad example to your kid and are most likely hurting him.

&amp;#x200b;

and finally my main point: nobody on this entire sub can tell you whether you are an asshole or not solely based on what little information you provided, myself included because what you posted is  lacks context, this could just be a teen being difficult and lashing out out of the blue or it could be a result of a long lasting issue of which you (or anyone else for that matter) could have been the cause.

&amp;#x200b;

imo you should talk to your wife and ask if you are the problem in this scenario or if there's any way you can help or support your son in this, she talked to your kid so she should have more context.

&amp;#x200b;

as for the people jumping to conclusions and shitting on you calling you an asshole: shame on you guys, if you wanna  play witch hunts go to another sub.","yta. 

you are putting your feelings over those of your kid. he will tell you when he is ready to tell you. don’t throw your toys out the pram and ignore him because he chose to confide in his mum and not you. 

he doesn’t have to tell you everything, just be there and ready to listen when he’s ready to talk.",yta. you throwing this tantrum is just damaging your relationship with your son even more. you should be grateful he trusts your wife and that he has someone he feels he can open up to. your feelings are not more important. grow up ffs.,"yta. you need to ask yourself a few questions. 

why do you think your son might feel more comfortable talking to your wife than to you? 

why do you think he was so uncomfortable that he probably asked your wife to not even tell you what was wrong? 

this is not about them. it's about you. of course you want to know what's wrong; that's natural. but there's a reason they aren't telling you. figure out what that is. being distant is only going to distance them more from you.","yta

nothing wrong with feeling left out, but actually distancing yourself in spite of that, specially as the father, is immature like your wife said.","info. story's a bit vague. a lot of the people calling you an asshole right now seem a bit overeager/assume shit. y'all don't know if he treated his son badly, and you don't know just how ""distant"" he was. he said he wasn't ignoring them though and it's odd that you just disregarded that. i think the idea someone pitched about how the son might be embarrassed to talk to another guy about it is highly plausible. anyway i think you have grounds for wanting to be involved in your kid's life, and for feeling iced out. frankly though all you can do is try to help your son see you as someone to confide in, and other than that you just have to respect that he isn't comfortable telling you just yet.","yta for ignoring them and you are being immature. its understandable that your son might rather talk to your wife instead of you. some parents are more approachable while some parents might be considered the ""fun"" or ""strict"" one. maybe the problem lies with how you communicate with your son instead.",YTA,YTA,YTA,INFO,YTA,YTA,YTA,YTA,INFO,YTA,0.0159999999999999,"Classify the interpersonal conflict and explain your choice. Your choices are limited to you're the a**hole (yta) when the writer is causing the conflict, not the a**hole (nta) when someone other than the writer is causing the conflict, no a**holes here (nah) when no one is causing the conflict, everyone sucks here (esh) when everyone is causing the conflict, more information needed (info) when a classification cannot be made with the context provided. Conflict context: i’m 40m, my wife is 39f, son in 15. yesterday when it was dinner time i called him to come downstairs few times. he didn’t answer me so i assumed that he didn’t hear me. i went upstairs and knocked on his door, he said he’d come downstairs in few minutes. after 15 minutes he still didn’t come downstairs so i walked in his room. i knocked first. he was obviously crying. i asked him what was wrong but he didn’t answer me so i didn’t push him more. i went downstairs and told my wife about it. she went upstairs to talk to him and stayed there for half an hour. she came back and brought him food upstairs. when i asked her what was wrong she said that it wasn’t anything important and told me to drop it. i got kind of upset because i want to know what was wrong and i’m his parent as well. i haven’t been fully ignoring them but i’ve been acting kinda distant since yesterday. my wife got mad at said that i was acting extremely immature.","<s>[INST] <<SYS>>
Classify the interpersonal conflict and explain your choice. Your choices are limited to you're the a**hole (yta) when the writer is causing the conflict, not the a**hole (nta) when someone other than the writer is causing the conflict, no a**holes here (nah) when no one is causing the conflict, everyone sucks here (esh) when everyone is causing the conflict, more information needed (info) when a classification cannot be made with the context provided.
<</SYS>>

i’m 40m, my wife is 39f, son in 15. yesterday when it was dinner time i called him to come downstairs few times. he didn’t answer me so i assumed that he didn’t hear me. i went upstairs and knocked on his door, he said he’d come downstairs in few minutes. after 15 minutes he still didn’t come downstairs so i walked in his room. i knocked first. he was obviously crying. i asked him what was wrong but he didn’t answer me so i didn’t push him more. i went downstairs and told my wife about it. she went upstairs to talk to him and stayed there for half an hour. she came back and brought him food upstairs. when i asked her what was wrong she said that it wasn’t anything important and told me to drop it. i got kind of upset because i want to know what was wrong and i’m his parent as well. i haven’t been fully ignoring them but i’ve been acting kinda distant since yesterday. my wife got mad at said that i was acting extremely immature. [/INST] yta. i'm willing to bet that your attitude - as i doubt this is an isolated incident - is at least part of the reason your kid didn't want to talk to you. </s>","Arguments suggesting the author was in the wrong:
- yta. i'm willing to bet that your attitude - as i doubt this is an isolated incident - is at least part of the reason your kid didn't want to talk to you.
- yta

you're entirely focused on *your* feelings in this, to the exclusion of any consideration for your son's situation or his trust in your wife.

there could be a thousand reasons why he doesn't wanna tell you:

* he could be embarrassed and need someone more sensitive.
* he could be worried about losing your respect.
* he might feel safer confiding in your wife, in general.
* he might have picked up on some annoyed vibes from you (you've called him down, several times, it makes sense that you might have felt a little irritated).
* you could have lost his trust, along the way, by being callous or downright dismissive about another matter.
* he could be worried you might make fun of him. 
* maybe he's been told by his friends that this isn't something guys talk about.
* maybe it's something he's scared of telling you and he needs time to build up the courage.
* maybe he has such a high opinion of you that he'd rather hide it than risk damaging his esteem in your eyes.
* *maybe* he just wanted to talk to his mom, rather than his dad, this time.

the point is, if you sulk like a kid every time he doesn't immediately confide in *you*, you're gonna make sure it stays that way. who wants to seek comfort and advice from a petulant man-child?","**Arguments why the author is in the wrong:**  
- The author is focused on their own feelings rather than considering the son’s emotional needs or reasons for preferring to talk to the mother.  
- Highlighting the potential long-term lack of trust the son may feel towards the father due to past instances of callousness, dismissiveness, or perceived annoyance.  
- Sulking or acting distant discourages trust and healthy communication with the son, further exacerbating the divide.  

**Arguments why the author is in the right:**  
- The author has a valid desire to be included in their son’s emotional life as an equal parent and feels hurt by being left out.  
- The lack of explanation from the wife about the son's emotional state could make the author feel dismissed, contributing to their frustration.","**Arguments why the author is in the wrong:** The author is acting immature and distant, which punishes both their son and wife for a situation where the son likely needed someone he felt comfortable opening up to. Additionally, the insistence on knowing everything undermines trust and respect for boundaries.

**Arguments why the author is in the right:** The author feels excluded from parenting decisions and emotionally hurt because their son did not confide in them, despite wanting to support him. Wanting openness and collaboration as both parents is natural.","AITA for being upset because my son didn’t talk to me, but talked to my wife.i’m 40m, my wife is 39f, son in 15. 

yesterday when it was dinner time i called him to come downstairs few times. he didn’t answer me so i assumed that he didn’t hear me. i went upstairs and knocked on his door, he said he’d come downstairs in few minutes. after 15 minutes he still didn’t come downstairs so i walked in his room. i knocked first. he was obviously crying. i asked him what was wrong but he didn’t answer me so i didn’t push him more. 

 i went downstairs and told my wife about it. she went upstairs to talk to him and stayed there for half an hour. she came back and brought him food upstairs. when i asked her what was wrong she said that it wasn’t anything important and told me to drop it. i got kind of upset because i want to know what was wrong and i’m his parent as well. 

i haven’t been fully ignoring them but i’ve been acting kinda distant since yesterday. my wife got mad at said that i was acting extremely immature.<br><br><h4>=============================================<br>Possible arguments against the author's actions:</h4>  <br>- The author is focused on their own feelings rather than considering the son’s emotional needs or reasons for preferring to talk to the mother.  <br>- Highlighting the potential long-term lack of trust the son may feel towards the father due to past instances of callousness, dismissiveness, or perceived annoyance.  <br>- Sulking or acting distant discourages trust and healthy communication with the son, further exacerbating the divide.  <br><br><h4>=============================================<br>Possible arguments for the author's actions:</h4>  <br>- The author has a valid desire to be included in their son’s emotional life as an equal parent and feels hurt by being left out.  <br>- The lack of explanation from the wife about the son's emotional state could make the author feel dismissed, contributing to their frustration.","<b>Read the following message to an AI system. ""AITA"" stands for ""Am I the asshole.""</b><br><br>AITA for being upset because my son didn’t talk to me, but talked to my wife.i’m 40m, my wife is 39f, son in 15. 

yesterday when it was dinner time i called him to come downstairs few times. he didn’t answer me so i assumed that he didn’t hear me. i went upstairs and knocked on his door, he said he’d come downstairs in few minutes. after 15 minutes he still didn’t come downstairs so i walked in his room. i knocked first. he was obviously crying. i asked him what was wrong but he didn’t answer me so i didn’t push him more. 

 i went downstairs and told my wife about it. she went upstairs to talk to him and stayed there for half an hour. she came back and brought him food upstairs. when i asked her what was wrong she said that it wasn’t anything important and told me to drop it. i got kind of upset because i want to know what was wrong and i’m his parent as well. 

i haven’t been fully ignoring them but i’ve been acting kinda distant since yesterday. my wife got mad at said that i was acting extremely immature.",145,"AITA for being upset because my son didn’t talk to me, but talked to my wife.i’m 40m, my wife is 39f, son in 15. 

yesterday when it was dinner time i called him to come downstairs few times. he didn’t answer me so i assumed that he didn’t hear me. i went upstairs and knocked on his door, he said he’d come downstairs in few minutes. after 15 minutes he still didn’t come downstairs so i walked in his room. i knocked first. he was obviously crying. i asked him what was wrong but he didn’t answer me so i didn’t push him more. 

 i went downstairs and told my wife about it. she went upstairs to talk to him and stayed there for half an hour. she came back and brought him food upstairs. when i asked her what was wrong she said that it wasn’t anything important and told me to drop it. i got kind of upset because i want to know what was wrong and i’m his parent as well. 

i haven’t been fully ignoring them but i’ve been acting kinda distant since yesterday. my wife got mad at said that i was acting extremely immature."
5,148,AITA for banishing my teenage daughter's friend from our house because she made fun of my weight?,"i (37f) have two kids with my husband (41m); a 14-year-old daughter and a 10 year-old son.

our daughter has always been a little socially awkward to the point that we've had her tested since we suspected her of being on the spectrum. turns out she isn't on the spectrum; she's just a natural introvert.

however, this year in school we were thrilled when our daughter made a new friend her age since that is an area in which she struggles. long story short she recently invited her new friend over (with our aproval) to have dinner at our house and then spend the night.

so, my daughter's friend came over. my husband is usually the cook in the family and this night was no exception; he made us all a really nice meal. during the course of said meal i asked my daughter's friend; ""are you enjoying the food?"" she responded ""yes! \[your husband\] is a great cook! no wonder you've ended up a bigger woman.""

the room got quiet for several moments. my husband tried to laugh it off and change the subject but i wasn't having it. the girl had just leveled a completely uncalled-for insult at me. my daughter's friend seemed to realize that she'd messed up but she didn't say anything else. we finished an awkward dinner in mostly silence and my daughter's friend did stay the night.

this was a couple of months ago. recently my daughter asked if she could have her friend back over and i told her ""sure; if she's going to apologize to me."" when our daughter asked what i meant i reminded her of what she'd said. my daughter responded that it was over and she didn't want to bring it up again.

she then went to her father and asked. he said ""sure"" but she then told him what i'd said. he came to me and said: ""\[daughter's friend\]  just felt awkward and tried to make a joke. it didn't land. for the sake of our daughter can't you just let it go?""

yes, i could, but the thing is that i just want an apology from the girl. i need to see that she understands how rude she was before i can get on board with her and myy daughter hanging out. my husband says that i am being weird for insisting on an apology from a 14 year-old, especially since that girl is such a good friend of our daughter. i think it's weird that i'm still waiting for an apology from that same girl. seriously. that's all i need. i just need to know that any friend of my daughter is willing to own up to her screw ups.",27935,https://www.reddit.com/r/AmItheAsshole/comments/ze4qw3/aita_for_banishing_my_teenage_daughters_friend/,2022-12-06 11:58:39,"yta. did it ever occur to you that the reason this girl and your daughter “clicked” as friends is that they’re *both* socially awkward? 

she’s a 14 year old kid. even with the best social skills, they often put their foot in their mouths. let it go. don’t ruin your daughter’s friendship because your ego was hurt by one off hand comment.

**","yta. you should have asked for an apology at the table. what she said was very rude, and i think she knew it as soon as it came out of her mouth, but she didn’t know what to do to make it right. if you’d said “that’s was very rude, and i’d like an apology” she would have said “i’m sorry” right there, and while awkward, it would have been over. 

you missed your teaching moment. holding a grudge for months against a 14-year-old is silly, and you’re punishing your daughter unfairly. let the kid have a friend.","yta. stop it.

you're the adult here; don't pick a fight with a 14 year old child. it's clear this kid didn't mean to upset you. do you really want to sabotage your own child's friendships because of your ego? you don't 'need' an apology. you need to act like an adult and shake it off.","as a bigger woman myself, yta. kids say dumb things. 

once a kid came up to me in the mall and said, “ewwww, you’re fat!”  i responded, “ewww, you have brown hair!”

she ran off crying to her mother.","yta.

if 14 is old enough to apologize, 37 is old enough to communicate that at the time. you've taken an awkward moment that this girl probably wishes she could forget and made it into some huge issue. have some grace, let it go, let her think it's forgotten. and let your daughter have a friend, ffs.","yta

teenagers say dumb things. and the time to correct it was in the moment.

let the faux pas slide, but if it happens again, explain why it isn't ok to joke like that with you.

this is your daughter's friendship, keep the peace.","yta. move on. you are an adult. it wasn't even a hateful derogatory statement. if anything, women of all body types are being celebrated in the media lately and at her impressionable age it might have been a well-meant, positive comment. 

let your insecurities go. she's a teenager, not some coworker, and possibly one of your daughter's only friends.",are you really going to prevent your daughter from having this one single friend because she called you fat? is this the hill you wanna die on?....i'm also really introverted and can confidently tell you that this will prevent your daughter from having the courage to make other friends because this is how you react to kids trying to make a joke. their brains are still developing and sometimes they can't control what just comes out of their mouths.,"yta. you said your daughter is socially awkward to the point of having her tested. birds of a feather flock together. this girl absolutely did not mean to insult you. 

you, as the adult, should have and could have used the opportunity to talk about appropriate comments and kindness but instead chose to ignore it. 

i think inviting her into your home is appropriate especially if this is your daughters only friend. if you feel so inclined, let her know how the comment upset you and moving forward you’d appreciate if any jokes were made not involving anyone’s weight in the house. a healthy boundary to set.","she called you a bigger woman and complimented your husband’s food. if this is a fact i can’t see how she was being insulting, you’re just being over sensitive. i’m an obese guy, if someone points that out to me with no malicious intentions how on earth am i going to demand an apology for stating a fact? your husband is right. get over your bruised ego for your daughter’s sake. is it an insult to say someone is tall, short, curly-haired or brown-eyed? she didn’t make fun of you. why should you get an apology?",YTA,YTA,YTA,YTA,YTA,YTA,YTA,,YTA,,0.0,"Classify the interpersonal conflict and explain your choice. Your choices are limited to you're the a**hole (yta) when the writer is causing the conflict, not the a**hole (nta) when someone other than the writer is causing the conflict, no a**holes here (nah) when no one is causing the conflict, everyone sucks here (esh) when everyone is causing the conflict, more information needed (info) when a classification cannot be made with the context provided. Conflict context: i (37f) have two kids with my husband (41m); a 14-year-old daughter and a 10 year-old son. our daughter has always been a little socially awkward to the point that we've had her tested since we suspected her of being on the spectrum. turns out she isn't on the spectrum; she's just a natural introvert. however, this year in school we were thrilled when our daughter made a new friend her age since that is an area in which she struggles. long story short she recently invited her new friend over (with our aproval) to have dinner at our house and then spend the night. so, my daughter's friend came over. my husband is usually the cook in the family and this night was no exception; he made us all a really nice meal. during the course of said meal i asked my daughter's friend; ""are you enjoying the food?"" she responded ""yes! \[your husband\] is a great cook! no wonder you've ended up a bigger woman."" the room got quiet for several moments. my husband tried to laugh it off and change the subject but i wasn't having it. the girl had just leveled a completely uncalled-for insult at me. my daughter's friend seemed to realize that she'd messed up but she didn't say anything else. we finished an awkward dinner in mostly silence and my daughter's friend did stay the night. this was a couple of months ago. recently my daughter asked if she could have her friend back over and i told her ""sure; if she's going to apologize to me."" when our daughter asked what i meant i reminded her of what she'd said. my daughter responded that it was over and she didn't want to bring it up again. she then went to her father and asked. he said ""sure"" but she then told him what i'd said. he came to me and said: ""\[daughter's friend\] just felt awkward and tried to make a joke. it didn't land. for the sake of our daughter can't you just let it go?"" yes, i could, but the thing is that i just want an apology from the girl. i need to see that she understands how rude she was before i can get on board with her and myy daughter hanging out. my husband says that i am being weird for insisting on an apology from a 14 year-old, especially since that girl is such a good friend of our daughter. i think it's weird that i'm still waiting for an apology from that same girl. seriously. that's all i need. i just need to know that any friend of my daughter is willing to own up to her screw ups.","<s>[INST] <<SYS>>
Classify the interpersonal conflict and explain your choice. Your choices are limited to you're the a**hole (yta) when the writer is causing the conflict, not the a**hole (nta) when someone other than the writer is causing the conflict, no a**holes here (nah) when no one is causing the conflict, everyone sucks here (esh) when everyone is causing the conflict, more information needed (info) when a classification cannot be made with the context provided.
<</SYS>>

i (37f) have two kids with my husband (41m); a 14-year-old daughter and a 10 year-old son. our daughter has always been a little socially awkward to the point that we've had her tested since we suspected her of being on the spectrum. turns out she isn't on the spectrum; she's just a natural introvert. however, this year in school we were thrilled when our daughter made a new friend her age since that is an area in which she struggles. long story short she recently invited her new friend over (with our aproval) to have dinner at our house and then spend the night. so, my daughter's friend came over. my husband is usually the cook in the family and this night was no exception; he made us all a really nice meal. during the course of said meal i asked my daughter's friend; ""are you enjoying the food?"" she responded ""yes! \[your husband\] is a great cook! no wonder you've ended up a bigger woman."" the room got quiet for several moments. my husband tried to laugh it off and change the subject but i wasn't having it. the girl had just leveled a completely uncalled-for insult at me. my daughter's friend seemed to realize that she'd messed up but she didn't say anything else. we finished an awkward dinner in mostly silence and my daughter's friend did stay the night. this was a couple of months ago. recently my daughter asked if she could have her friend back over and i told her ""sure; if she's going to apologize to me."" when our daughter asked what i meant i reminded her of what she'd said. my daughter responded that it was over and she didn't want to bring it up again. she then went to her father and asked. he said ""sure"" but she then told him what i'd said. he came to me and said: ""\[daughter's friend\] just felt awkward and tried to make a joke. it didn't land. for the sake of our daughter can't you just let it go?"" yes, i could, but the thing is that i just want an apology from the girl. i need to see that she understands how rude she was before i can get on board with her and myy daughter hanging out. my husband says that i am being weird for insisting on an apology from a 14 year-old, especially since that girl is such a good friend of our daughter. i think it's weird that i'm still waiting for an apology from that same girl. seriously. that's all i need. i just need to know that any friend of my daughter is willing to own up to her screw ups. [/INST] yta. did it ever occur to you that the reason this girl and your daughter “clicked” as friends is that they’re *both* socially awkward? she’s a 14 year old kid. even with the best social skills, they often put their foot in their mouths. let it go. don’t ruin your daughter’s friendship because your ego was hurt by one off hand comment. ** </s>","Arguments suggesting the author was in the wrong:
- yta. did it ever occur to you that the reason this girl and your daughter “clicked” as friends is that they’re *both* socially awkward? 

she’s a 14 year old kid. even with the best social skills, they often put their foot in their mouths. let it go. don’t ruin your daughter’s friendship because your ego was hurt by one off hand comment.

**
- yta. you should have asked for an apology at the table. what she said was very rude, and i think she knew it as soon as it came out of her mouth, but she didn’t know what to do to make it right. if you’d said “that’s was very rude, and i’d like an apology” she would have said “i’m sorry” right there, and while awkward, it would have been over. 

you missed your teaching moment. holding a grudge for months against a 14-year-old is silly, and you’re punishing your daughter unfairly. let the kid have a friend.","**Arguments why the author is in the wrong:** The friend is a socially awkward 14-year-old, and teenagers often make clumsy remarks. Holding a grudge against her months later over one comment risks damaging the daughter’s friendship unnecessarily. The author missed an opportunity to address the situation in the moment and teach the girl directly about accountability, which would have resolved the issue swiftly and fairly.

**Arguments why the author is in the right:** The comment was undeniably rude and hurtful, and an apology would demonstrate the friend’s understanding of her mistake. The author is not banning the friend outright but is just asking for an acknowledgment of wrongdoing, which is a reasonable expectation and a valuable lesson in accountability. Prioritizing the respect shown by anyone befriending their child is valid.","**Arguments why the author is in the wrong:** The author’s insistence on an apology from a 14-year-old might come across as excessive, given the girl’s likely immaturity in handling social situations. Extended focus on the incident could strain her daughter's social development, especially since the comment was likely a poorly thought-out joke and the girl seems to have been remorseful through her silence. By prioritizing her own feelings over her daughter’s relationship, the author may risk alienating her child's new friend and discouraging other friendships.

**Arguments why the author is in the right:** The author feels that it’s important to teach accountability for rude behavior and expects minimal respect from anyone interacting with her family, including her daughter’s friends. By standing firm on an apology, she is emphasizing the importance of owning up to one's mistakes and fostering respect while ensuring her own boundaries are upheld. She wants to model assertiveness and ensure trust within her household, which could set a valuable precedent for her daughter’s future relationships.","AITA for banishing my teenage daughter's friend from our house because she made fun of my weight?i (37f) have two kids with my husband (41m); a 14-year-old daughter and a 10 year-old son.

our daughter has always been a little socially awkward to the point that we've had her tested since we suspected her of being on the spectrum. turns out she isn't on the spectrum; she's just a natural introvert.

however, this year in school we were thrilled when our daughter made a new friend her age since that is an area in which she struggles. long story short she recently invited her new friend over (with our aproval) to have dinner at our house and then spend the night.

so, my daughter's friend came over. my husband is usually the cook in the family and this night was no exception; he made us all a really nice meal. during the course of said meal i asked my daughter's friend; ""are you enjoying the food?"" she responded ""yes! \[your husband\] is a great cook! no wonder you've ended up a bigger woman.""

the room got quiet for several moments. my husband tried to laugh it off and change the subject but i wasn't having it. the girl had just leveled a completely uncalled-for insult at me. my daughter's friend seemed to realize that she'd messed up but she didn't say anything else. we finished an awkward dinner in mostly silence and my daughter's friend did stay the night.

this was a couple of months ago. recently my daughter asked if she could have her friend back over and i told her ""sure; if she's going to apologize to me."" when our daughter asked what i meant i reminded her of what she'd said. my daughter responded that it was over and she didn't want to bring it up again.

she then went to her father and asked. he said ""sure"" but she then told him what i'd said. he came to me and said: ""\[daughter's friend\]  just felt awkward and tried to make a joke. it didn't land. for the sake of our daughter can't you just let it go?""

yes, i could, but the thing is that i just want an apology from the girl. i need to see that she understands how rude she was before i can get on board with her and myy daughter hanging out. my husband says that i am being weird for insisting on an apology from a 14 year-old, especially since that girl is such a good friend of our daughter. i think it's weird that i'm still waiting for an apology from that same girl. seriously. that's all i need. i just need to know that any friend of my daughter is willing to own up to her screw ups.<br><br><h4>=============================================<br>Possible arguments against the author's actions:</h4> The friend is a socially awkward 14-year-old, and teenagers often make clumsy remarks. Holding a grudge against her months later over one comment risks damaging the daughter’s friendship unnecessarily. The author missed an opportunity to address the situation in the moment and teach the girl directly about accountability, which would have resolved the issue swiftly and fairly.<br><br><h4>=============================================<br>Possible arguments for the author's actions:</h4> The comment was undeniably rude and hurtful, and an apology would demonstrate the friend’s understanding of her mistake. The author is not banning the friend outright but is just asking for an acknowledgment of wrongdoing, which is a reasonable expectation and a valuable lesson in accountability. Prioritizing the respect shown by anyone befriending their child is valid.","<b>Read the following message to an AI system. ""AITA"" stands for ""Am I the asshole.""</b><br><br>AITA for banishing my teenage daughter's friend from our house because she made fun of my weight?i (37f) have two kids with my husband (41m); a 14-year-old daughter and a 10 year-old son.

our daughter has always been a little socially awkward to the point that we've had her tested since we suspected her of being on the spectrum. turns out she isn't on the spectrum; she's just a natural introvert.

however, this year in school we were thrilled when our daughter made a new friend her age since that is an area in which she struggles. long story short she recently invited her new friend over (with our aproval) to have dinner at our house and then spend the night.

so, my daughter's friend came over. my husband is usually the cook in the family and this night was no exception; he made us all a really nice meal. during the course of said meal i asked my daughter's friend; ""are you enjoying the food?"" she responded ""yes! \[your husband\] is a great cook! no wonder you've ended up a bigger woman.""

the room got quiet for several moments. my husband tried to laugh it off and change the subject but i wasn't having it. the girl had just leveled a completely uncalled-for insult at me. my daughter's friend seemed to realize that she'd messed up but she didn't say anything else. we finished an awkward dinner in mostly silence and my daughter's friend did stay the night.

this was a couple of months ago. recently my daughter asked if she could have her friend back over and i told her ""sure; if she's going to apologize to me."" when our daughter asked what i meant i reminded her of what she'd said. my daughter responded that it was over and she didn't want to bring it up again.

she then went to her father and asked. he said ""sure"" but she then told him what i'd said. he came to me and said: ""\[daughter's friend\]  just felt awkward and tried to make a joke. it didn't land. for the sake of our daughter can't you just let it go?""

yes, i could, but the thing is that i just want an apology from the girl. i need to see that she understands how rude she was before i can get on board with her and myy daughter hanging out. my husband says that i am being weird for insisting on an apology from a 14 year-old, especially since that girl is such a good friend of our daughter. i think it's weird that i'm still waiting for an apology from that same girl. seriously. that's all i need. i just need to know that any friend of my daughter is willing to own up to her screw ups.",148,"AITA for banishing my teenage daughter's friend from our house because she made fun of my weight?i (37f) have two kids with my husband (41m); a 14-year-old daughter and a 10 year-old son.

our daughter has always been a little socially awkward to the point that we've had her tested since we suspected her of being on the spectrum. turns out she isn't on the spectrum; she's just a natural introvert.

however, this year in school we were thrilled when our daughter made a new friend her age since that is an area in which she struggles. long story short she recently invited her new friend over (with our aproval) to have dinner at our house and then spend the night.

so, my daughter's friend came over. my husband is usually the cook in the family and this night was no exception; he made us all a really nice meal. during the course of said meal i asked my daughter's friend; ""are you enjoying the food?"" she responded ""yes! \[your husband\] is a great cook! no wonder you've ended up a bigger woman.""

the room got quiet for several moments. my husband tried to laugh it off and change the subject but i wasn't having it. the girl had just leveled a completely uncalled-for insult at me. my daughter's friend seemed to realize that she'd messed up but she didn't say anything else. we finished an awkward dinner in mostly silence and my daughter's friend did stay the night.

this was a couple of months ago. recently my daughter asked if she could have her friend back over and i told her ""sure; if she's going to apologize to me."" when our daughter asked what i meant i reminded her of what she'd said. my daughter responded that it was over and she didn't want to bring it up again.

she then went to her father and asked. he said ""sure"" but she then told him what i'd said. he came to me and said: ""\[daughter's friend\]  just felt awkward and tried to make a joke. it didn't land. for the sake of our daughter can't you just let it go?""

yes, i could, but the thing is that i just want an apology from the girl. i need to see that she understands how rude she was before i can get on board with her and myy daughter hanging out. my husband says that i am being weird for insisting on an apology from a 14 year-old, especially since that girl is such a good friend of our daughter. i think it's weird that i'm still waiting for an apology from that same girl. seriously. that's all i need. i just need to know that any friend of my daughter is willing to own up to her screw ups."
6,169,"WIBTA for asking my ex's daughter to stop calling me ""dad""?","i was with my ex for seven years. at the time she had a 2-year old, and when we split, her daughter was 9 years old. she called me dad pretty quickly, plus we all lived together. i thought we'd become a family proper through marriage eventually but obviously things didn't pan out and we split. it was amicable and we're still friends.

her daughter is 14 now and still calls me dad. my ex hasn't started dating again but i'm engaged to my soon-to-be-wife. we all get along but my fiancee doesn't like that kiddo calls me dad. i'm not her dad, biologically or otherwise, but i was a father figure for seven years (and even beyond this, i still kept involved in her life).

my fiancee wants me to put the kibosh on this because it makes her uncomfortable. we want to start a family of our own soon and my fiancee wants my undivided attention on our child. i can see her point and where she's coming from although i'm indifferent to the whole dad situation: if she calls me dad, whatever, and if she doesn't, then also whatever. i'm not her dad but it's ultimately not up to me or my ex or my fiancee what she calls me, it's up to her. but i must relent to my fiancee's wishes because my family should be prioritized, right?

i'm going to have a sitdown with my ex and her daughter and split ties to focus on my own family. but would i be the arsehole? i'd still maintain contact because i'm very much still connected to my ex and her daughter, i just want the ""dad"" to stop to avoid friction with my eventual wife.",27341,https://www.reddit.com/r/AmItheAsshole/comments/btnxdy/wibta_for_asking_my_exs_daughter_to_stop_calling/,2019-05-27 16:21:29,yta - you're the only father she's ever known but you're going to cut ties and tell her to stop calling you dad because it makes your fiance uncomfortable...i mean technically you don't owe her anything since you're not her father but god damn that is cold.,"your fiancée is the asshole. 

it sounds like you’re as much of a dad to that girl as you would be if you were her biological father. 

tell your fiancée to accept that you had a life before her and that she needs to accept that.

————","ywbta. i'll throw in that any woman who begrudges a child her known father figure, is not someone i'd want to marry or have children with. but that's just me.","yta wow can't believe i just read that. you say that you're indifferent as if that's a defence- you have to realise that not only are you stating that you're indifferent to your fiancee asking you to cut ties, but that you're also indifferent to the feelings and emotions of this 14 year old girl who clearly loves and cares about you.

look at this from this girls perspective. she does not remember the first two years of her life. from her first memories, you are literally her father. whether or not you feel the same way, you absolutely have to respect her feelings there.

the lack of consideration and empathy this move would demonstrate towards this girl is shocking. please please please don't be the asshole here.",[removed],"yta she's called you dad for 12 years, it would be a slap in the face to ask her to stop. you can have a family and devote yourself wholly to it while you still act as a mentor and father figure to this girl.","as a woman who was rejected by her non-biological-father-figure and is still in therapy because of it, let me say yta.","yta, you are her dad. you raised her for 7 years.","your fiancee is the asshole, and you'll be one too if you go along with her.  

&amp;#x200b;

&gt;i'm not her dad, biologically or otherwise

&amp;#x200b;

the ""otherwise"" part is simply not true.  you're apparently the only father she's ever known, your intention was to make it official, and you kept the relationship after splitting from her mom.  do you really have that small an attachment to the little girl you raised?",yta. thus child has known you as her dad since she’s been 2 years old. i don’t like what it says about your fiancées character that she wants you to abandon her. love isn’t a finite resource.,YTA,,YTA,YTA,,YTA,YTA,YTA,,YTA,0.0,"Classify the interpersonal conflict and explain your choice. Your choices are limited to you're the a**hole (yta) when the writer is causing the conflict, not the a**hole (nta) when someone other than the writer is causing the conflict, no a**holes here (nah) when no one is causing the conflict, everyone sucks here (esh) when everyone is causing the conflict, more information needed (info) when a classification cannot be made with the context provided. Conflict context: i was with my ex for seven years. at the time she had a 2-year old, and when we split, her daughter was 9 years old. she called me dad pretty quickly, plus we all lived together. i thought we'd become a family proper through marriage eventually but obviously things didn't pan out and we split. it was amicable and we're still friends. her daughter is 14 now and still calls me dad. my ex hasn't started dating again but i'm engaged to my soon-to-be-wife. we all get along but my fiancee doesn't like that kiddo calls me dad. i'm not her dad, biologically or otherwise, but i was a father figure for seven years (and even beyond this, i still kept involved in her life). my fiancee wants me to put the kibosh on this because it makes her uncomfortable. we want to start a family of our own soon and my fiancee wants my undivided attention on our child. i can see her point and where she's coming from although i'm indifferent to the whole dad situation: if she calls me dad, whatever, and if she doesn't, then also whatever. i'm not her dad but it's ultimately not up to me or my ex or my fiancee what she calls me, it's up to her. but i must relent to my fiancee's wishes because my family should be prioritized, right? i'm going to have a sitdown with my ex and her daughter and split ties to focus on my own family. but would i be the arsehole? i'd still maintain contact because i'm very much still connected to my ex and her daughter, i just want the ""dad"" to stop to avoid friction with my eventual wife.","<s>[INST] <<SYS>>
Classify the interpersonal conflict and explain your choice. Your choices are limited to you're the a**hole (yta) when the writer is causing the conflict, not the a**hole (nta) when someone other than the writer is causing the conflict, no a**holes here (nah) when no one is causing the conflict, everyone sucks here (esh) when everyone is causing the conflict, more information needed (info) when a classification cannot be made with the context provided.
<</SYS>>

i was with my ex for seven years. at the time she had a 2-year old, and when we split, her daughter was 9 years old. she called me dad pretty quickly, plus we all lived together. i thought we'd become a family proper through marriage eventually but obviously things didn't pan out and we split. it was amicable and we're still friends. her daughter is 14 now and still calls me dad. my ex hasn't started dating again but i'm engaged to my soon-to-be-wife. we all get along but my fiancee doesn't like that kiddo calls me dad. i'm not her dad, biologically or otherwise, but i was a father figure for seven years (and even beyond this, i still kept involved in her life). my fiancee wants me to put the kibosh on this because it makes her uncomfortable. we want to start a family of our own soon and my fiancee wants my undivided attention on our child. i can see her point and where she's coming from although i'm indifferent to the whole dad situation: if she calls me dad, whatever, and if she doesn't, then also whatever. i'm not her dad but it's ultimately not up to me or my ex or my fiancee what she calls me, it's up to her. but i must relent to my fiancee's wishes because my family should be prioritized, right? i'm going to have a sitdown with my ex and her daughter and split ties to focus on my own family. but would i be the arsehole? i'd still maintain contact because i'm very much still connected to my ex and her daughter, i just want the ""dad"" to stop to avoid friction with my eventual wife. [/INST] yta - you're the only father she's ever known but you're going to cut ties and tell her to stop calling you dad because it makes your fiance uncomfortable...i mean technically you don't owe her anything since you're not her father but god damn that is cold. </s>","Arguments suggesting the author was in the wrong:
- yta - you're the only father she's ever known but you're going to cut ties and tell her to stop calling you dad because it makes your fiance uncomfortable...i mean technically you don't owe her anything since you're not her father but god damn that is cold.
- ywbta. i'll throw in that any woman who begrudges a child her known father figure, is not someone i'd want to marry or have children with. but that's just me.","**Arguments why the author is in the wrong:** The daughter views the author as her father figure, and asking her to stop calling him ""dad"" could hurt her emotionally, especially since he’s been the only father she’s ever known. Prioritizing his fiancée's discomfort over the daughter's feelings may be seen as cold, and some might question the suitability of a partner who begrudges such a relationship.

**Arguments why the author is in the right:** He is not the girl’s biological or legal father, and focusing on his new family is a valid priority. Asserting boundaries now could help avoid future complications or tensions in his marriage. The fiancée's discomfort regarding the ""dad"" title in their dynamic is also understandable.","**Arguments why the author is in the wrong:** Asking the daughter to stop calling him ""dad"" might emotional harm the child, as it disregards the significant bond they’ve shared for over a decade. It may come across as prioritizing his fiancée’s discomfort over the well-being of a teenager who views him as a father figure and could create unnecessary tension in their relationship. 

**Arguments why the author is in the right:** The author is trying to prioritize his fiancée’s feelings and the future of their nuclear family. By clarifying the relationship and removing the ""dad"" title, he aims to avoid confusion or potential emotional conflict for their child in the future and establish clear boundaries.","WIBTA for asking my ex's daughter to stop calling me ""dad""?i was with my ex for seven years. at the time she had a 2-year old, and when we split, her daughter was 9 years old. she called me dad pretty quickly, plus we all lived together. i thought we'd become a family proper through marriage eventually but obviously things didn't pan out and we split. it was amicable and we're still friends.

her daughter is 14 now and still calls me dad. my ex hasn't started dating again but i'm engaged to my soon-to-be-wife. we all get along but my fiancee doesn't like that kiddo calls me dad. i'm not her dad, biologically or otherwise, but i was a father figure for seven years (and even beyond this, i still kept involved in her life).

my fiancee wants me to put the kibosh on this because it makes her uncomfortable. we want to start a family of our own soon and my fiancee wants my undivided attention on our child. i can see her point and where she's coming from although i'm indifferent to the whole dad situation: if she calls me dad, whatever, and if she doesn't, then also whatever. i'm not her dad but it's ultimately not up to me or my ex or my fiancee what she calls me, it's up to her. but i must relent to my fiancee's wishes because my family should be prioritized, right?

i'm going to have a sitdown with my ex and her daughter and split ties to focus on my own family. but would i be the arsehole? i'd still maintain contact because i'm very much still connected to my ex and her daughter, i just want the ""dad"" to stop to avoid friction with my eventual wife.<br><br><h4>=============================================<br>Possible arguments against the author's actions:</h4> The daughter views the author as her father figure, and asking her to stop calling him ""dad"" could hurt her emotionally, especially since he’s been the only father she’s ever known. Prioritizing his fiancée's discomfort over the daughter's feelings may be seen as cold, and some might question the suitability of a partner who begrudges such a relationship.<br><br><h4>=============================================<br>Possible arguments for the author's actions:</h4> He is not the girl’s biological or legal father, and focusing on his new family is a valid priority. Asserting boundaries now could help avoid future complications or tensions in his marriage. The fiancée's discomfort regarding the ""dad"" title in their dynamic is also understandable.","<b>Read the following message to an AI system. ""AITA"" stands for ""Am I the asshole.""</b><br><br>WIBTA for asking my ex's daughter to stop calling me ""dad""?i was with my ex for seven years. at the time she had a 2-year old, and when we split, her daughter was 9 years old. she called me dad pretty quickly, plus we all lived together. i thought we'd become a family proper through marriage eventually but obviously things didn't pan out and we split. it was amicable and we're still friends.

her daughter is 14 now and still calls me dad. my ex hasn't started dating again but i'm engaged to my soon-to-be-wife. we all get along but my fiancee doesn't like that kiddo calls me dad. i'm not her dad, biologically or otherwise, but i was a father figure for seven years (and even beyond this, i still kept involved in her life).

my fiancee wants me to put the kibosh on this because it makes her uncomfortable. we want to start a family of our own soon and my fiancee wants my undivided attention on our child. i can see her point and where she's coming from although i'm indifferent to the whole dad situation: if she calls me dad, whatever, and if she doesn't, then also whatever. i'm not her dad but it's ultimately not up to me or my ex or my fiancee what she calls me, it's up to her. but i must relent to my fiancee's wishes because my family should be prioritized, right?

i'm going to have a sitdown with my ex and her daughter and split ties to focus on my own family. but would i be the arsehole? i'd still maintain contact because i'm very much still connected to my ex and her daughter, i just want the ""dad"" to stop to avoid friction with my eventual wife.",169,"WIBTA for asking my ex's daughter to stop calling me ""dad""?i was with my ex for seven years. at the time she had a 2-year old, and when we split, her daughter was 9 years old. she called me dad pretty quickly, plus we all lived together. i thought we'd become a family proper through marriage eventually but obviously things didn't pan out and we split. it was amicable and we're still friends.

her daughter is 14 now and still calls me dad. my ex hasn't started dating again but i'm engaged to my soon-to-be-wife. we all get along but my fiancee doesn't like that kiddo calls me dad. i'm not her dad, biologically or otherwise, but i was a father figure for seven years (and even beyond this, i still kept involved in her life).

my fiancee wants me to put the kibosh on this because it makes her uncomfortable. we want to start a family of our own soon and my fiancee wants my undivided attention on our child. i can see her point and where she's coming from although i'm indifferent to the whole dad situation: if she calls me dad, whatever, and if she doesn't, then also whatever. i'm not her dad but it's ultimately not up to me or my ex or my fiancee what she calls me, it's up to her. but i must relent to my fiancee's wishes because my family should be prioritized, right?

i'm going to have a sitdown with my ex and her daughter and split ties to focus on my own family. but would i be the arsehole? i'd still maintain contact because i'm very much still connected to my ex and her daughter, i just want the ""dad"" to stop to avoid friction with my eventual wife."
7,280,AITA For laughing my ass off at my wife's expense?,"just for context, i am 6'2 and my wife is 4'11. she is insecure about her height and while i try my best to tell her that she is stupendously beautiful the way she is, she got bullied about it pretty bad and it's just an aspect she doesn't like about herself.

with this in mind, we recently went to one of my favorite places to eat. now, this restaurant has a really large counter and my wife is petite, so the cashier couldn't really see her. 
we ordered our food, and were heading out when the cashier held out a giant piece of candy and said 'for your lovely daughter' to me.

i honestly couldn't help but burst out laughing to the point that i had tears in my eyes and i had to compose myself before driving back home. 

my wife was obviously pretty pissed. aita?",24773,https://www.reddit.com/r/AmItheAsshole/comments/dmcw3y/aita_for_laughing_my_ass_off_at_my_wifes_expense/,2019-10-24 07:23:27,"yta

&amp;#x200b;

dude, come on! you know this is a point of pain and insecurity for your wife. like she's told you that she's been bullied for this and you laugh at this to the point where there were tears? and you haven't apologised for this? she's your wife man. so yeah. you're the a-hole here bud.",“i laughed at my wife in public about her biggest insecurity that she was bullied for throughout her life” yeah yta,"yta

i can understand an initial laugh, but really, you know it upsets her and it's a sore spot for her, and you're just going to laugh hysterically?  that's pretty mean, and in her place, i'd be pretty pissed at you too.","yta.

my boyfriend is the same height as you and i'm 4'11. it's extremely frustrating to not be taken seriously your whole life based on your height. we've heard every short joke in the world. i'm not insecure about my height, but it's definitely colored the way people treat me in my life. it gets extremely annoying and old sometimes. 

i can imagine how demeaning it felt for your wife when she saw you laugh so hard over her lifelong insecurity.",yta - not for the initial outburst but it takes more than a few seconds to get to the point of tears in your eyes and that’s plenty of time to have composed yourself,"nah - honestly, sometimes shit is just funny and laughter that brings tears to your eyes isnt easily stopped.

one time i laughed my arse off at the expense of my child. full tears, hands on knees, gasping for breath hysterics.  i had to gesture to my husband to console him because i couldnt pick him up i was laughing so hard.  (6 yrs old, held his sandwhich above his head so the little monkey couldnt get it. monkey scaled my child, shot up his wee arm, and snatch his ham and cheese.  kid wailed, mother died laughing)

i'm sorry she was bullied, that's real shit and the effects can last a long time. sometimes inappropriate laughter is very hard to stop however, so while i dont think you're an arsehole i do think you've a shit tonne of sucking up to do.","yta, you're not the asshole for the initial laughter but you know this is a sore spot for your wife you could have been considerate","nah / very soft yta. i'm a petite girl, i understand the pain of being taken as a kid. being mistaken as your daughter is understandably very funny, but it's a soft point for your wife and you should've tried to keep it in. (still though, i chuckled)","seems like people here think laughter is completly voluntary. were you guys never in school and couldn't stop from laughing even though you really wanted to? i would go for nah, depending on how you behaved after. but just so you know i understand why you laughed and sometimes there is nothing you do about it. the fact that you shouldn't / don't want to laugh means nothing usually, because it only makes you laugh harder. hope you and your wife can talk about it. it seems as if you're usually very understanding about her insecurities concering her height.","yta

if she's insecure about her height having you laugh at that isn't going to make her feel any better and she will just be more insecure in the future.",YTA,YTA,YTA,YTA,YTA,NAH,YTA,NAH,NAH,YTA,0.1391957367342836,"Classify the interpersonal conflict and explain your choice. Your choices are limited to you're the a**hole (yta) when the writer is causing the conflict, not the a**hole (nta) when someone other than the writer is causing the conflict, no a**holes here (nah) when no one is causing the conflict, everyone sucks here (esh) when everyone is causing the conflict, more information needed (info) when a classification cannot be made with the context provided. Conflict context: just for context, i am 6'2 and my wife is 4'11. she is insecure about her height and while i try my best to tell her that she is stupendously beautiful the way she is, she got bullied about it pretty bad and it's just an aspect she doesn't like about herself. with this in mind, we recently went to one of my favorite places to eat. now, this restaurant has a really large counter and my wife is petite, so the cashier couldn't really see her. we ordered our food, and were heading out when the cashier held out a giant piece of candy and said 'for your lovely daughter' to me. i honestly couldn't help but burst out laughing to the point that i had tears in my eyes and i had to compose myself before driving back home. my wife was obviously pretty pissed. aita?","<s>[INST] <<SYS>>
Classify the interpersonal conflict and explain your choice. Your choices are limited to you're the a**hole (yta) when the writer is causing the conflict, not the a**hole (nta) when someone other than the writer is causing the conflict, no a**holes here (nah) when no one is causing the conflict, everyone sucks here (esh) when everyone is causing the conflict, more information needed (info) when a classification cannot be made with the context provided.
<</SYS>>

just for context, i am 6'2 and my wife is 4'11. she is insecure about her height and while i try my best to tell her that she is stupendously beautiful the way she is, she got bullied about it pretty bad and it's just an aspect she doesn't like about herself. with this in mind, we recently went to one of my favorite places to eat. now, this restaurant has a really large counter and my wife is petite, so the cashier couldn't really see her. we ordered our food, and were heading out when the cashier held out a giant piece of candy and said 'for your lovely daughter' to me. i honestly couldn't help but burst out laughing to the point that i had tears in my eyes and i had to compose myself before driving back home. my wife was obviously pretty pissed. aita? [/INST] yta &amp;#x200b; dude, come on! you know this is a point of pain and insecurity for your wife. like she's told you that she's been bullied for this and you laugh at this to the point where there were tears? and you haven't apologised for this? she's your wife man. so yeah. you're the a-hole here bud. </s>","Arguments suggesting the author was in the wrong:
- yta

&amp;#x200b;

dude, come on! you know this is a point of pain and insecurity for your wife. like she's told you that she's been bullied for this and you laugh at this to the point where there were tears? and you haven't apologised for this? she's your wife man. so yeah. you're the a-hole here bud.
- “i laughed at my wife in public about her biggest insecurity that she was bullied for throughout her life” yeah yta","**Arguments why the author is in the wrong:** The author laughed uncontrollably at his wife's major insecurity, which she was bullied for in the past, showing insensitivity to her feelings and failing to offer an apology afterward.  

**Arguments why the author is in the right:** The author may not have intended to hurt his wife, as he found the situation unexpected and funny in the moment rather than malicious.","**Arguments why the author is in the wrong:** The laughter was insensitive and could have exacerbated the author’s wife’s insecurity about her height, which she has struggled with due to past bullying. Laughing at the situation publicly might have made her feel embarrassed and unsupported by her own partner.  

**Arguments why the author is in the right:** The situation itself was inherently humorous and unexpected, making it difficult to suppress laughter. The author’s reaction seemed to be uncontrollable rather than malicious, and their intention wasn’t to ridicule the wife but to respond naturally to an awkward moment.","AITA For laughing my ass off at my wife's expense?just for context, i am 6'2 and my wife is 4'11. she is insecure about her height and while i try my best to tell her that she is stupendously beautiful the way she is, she got bullied about it pretty bad and it's just an aspect she doesn't like about herself.

with this in mind, we recently went to one of my favorite places to eat. now, this restaurant has a really large counter and my wife is petite, so the cashier couldn't really see her. 
we ordered our food, and were heading out when the cashier held out a giant piece of candy and said 'for your lovely daughter' to me.

i honestly couldn't help but burst out laughing to the point that i had tears in my eyes and i had to compose myself before driving back home. 

my wife was obviously pretty pissed. aita?<br><br><h4>=============================================<br>Possible arguments against the author's actions:</h4> The author laughed uncontrollably at his wife's major insecurity, which she was bullied for in the past, showing insensitivity to her feelings and failing to offer an apology afterward.  <br><br><h4>=============================================<br>Possible arguments for the author's actions:</h4> The author may not have intended to hurt his wife, as he found the situation unexpected and funny in the moment rather than malicious.","<b>Read the following message to an AI system. ""AITA"" stands for ""Am I the asshole.""</b><br><br>AITA For laughing my ass off at my wife's expense?just for context, i am 6'2 and my wife is 4'11. she is insecure about her height and while i try my best to tell her that she is stupendously beautiful the way she is, she got bullied about it pretty bad and it's just an aspect she doesn't like about herself.

with this in mind, we recently went to one of my favorite places to eat. now, this restaurant has a really large counter and my wife is petite, so the cashier couldn't really see her. 
we ordered our food, and were heading out when the cashier held out a giant piece of candy and said 'for your lovely daughter' to me.

i honestly couldn't help but burst out laughing to the point that i had tears in my eyes and i had to compose myself before driving back home. 

my wife was obviously pretty pissed. aita?",280,"AITA For laughing my ass off at my wife's expense?just for context, i am 6'2 and my wife is 4'11. she is insecure about her height and while i try my best to tell her that she is stupendously beautiful the way she is, she got bullied about it pretty bad and it's just an aspect she doesn't like about herself.

with this in mind, we recently went to one of my favorite places to eat. now, this restaurant has a really large counter and my wife is petite, so the cashier couldn't really see her. 
we ordered our food, and were heading out when the cashier held out a giant piece of candy and said 'for your lovely daughter' to me.

i honestly couldn't help but burst out laughing to the point that i had tears in my eyes and i had to compose myself before driving back home. 

my wife was obviously pretty pissed. aita?"
8,283,AITA for banning alcohol from Christmas.,"my husbands family likes to drink. every holiday includes multiple bottles of wine/cocktails. i hate drinking i have never drank my father was an alcoholic i think it’s childish if you can’t have fun without drinking.

this year i’m hosting christmas for a change i decided since it’s at my house no alcohol allowed we are all getting older and it’s time to grow up.

my husbands sister called to ask what she could bring. she saw a recipe for a christmas martini that she wanted to bring. i told her about my no alcohol rule. she didn’t say much but must have told the rest of the family. some of them started texting me asking me if i was serious and saying that it is lame. but i’m not budging. 

now it turns out my husbands sister is hosting an alternate gathering that almost everyone is choosing to go to instead. it’s so disrespectful all because they would have to spend one day sober. 

my husband told me he talked to his sister and we are invited to her gathering and he said we should just go and stop causing issues but i won’t it’s so rude. 

now husband is mad because i’m making him stay home and spend christmas with me but it was my turn to host and i chose to have a no alcohol they could have dealt with it for one year.",24707,https://www.reddit.com/r/AmItheAsshole/comments/zalhix/aita_for_banning_alcohol_from_christmas/,2022-12-02 12:57:08,yta and the grinch who stole boozemas,"yta for having a fit when no one wants to attend your optional gathering where alcohol is banned because you personally think it's childish. now all your in-laws know that you think they're immature alcoholics, so why on earth would you expect them to go to your dinner when you think that about them? no less on a holiday where yes, most people expect there to be festive alcoholic drinks served.

i don't even drink at dinners outside my home because i'm always driving home after, but i sure wouldn't attend one like yours. ya turkey ain't that good.","kindly, yta. i understand where you come from. but you need to understand where other people come from too.

it's not your wedding or your birthday : this celebration is not about you and your wants. it's a celebration to bring people together.

most people work hard all year and rarely get to see their family. when they do, they want to relax and celebrate. it sucks, but yes, alcohol is part of this. i get that you don't want to see people dead drunk in your house : but there is an healthy ""a couple of drinks"" in between.","yta for a variety of reasons. 

1. for unilaterally banning alcohol. it’s presumably your husbands house too so why didn’t you have a discussion with him?
2. for getting mad that someone else decided to host christmas after they found out you banned alcohol. an invitation is not a summons and you’re imposing rules a lot of people don’t want to follow on the holidays. 
3. from not allowing your husband to celebrate christmas with his family. that’s not your decision to make. 
4. for your overall attitude around your ils and drinking. having a few drinks for the holidays is okay, it’s not a gross or nasty thing that we should judge.","yta because you made an executive decision for everyone else and now you're pouting because they found a way around you. that type of behavior is childish as well. you can make rules for your home. you can choose to not drink and not like to be around drinking. nobody else has to be forced to come in line with your expectations. they are allowed to do as they please, elsewhere.","as a non-drinker who also saw my share of alcoholism, i totally understand where you are coming from.

but unless something very specific has happened that you can point to, or you established up front that you wanted to host alcohol-free gatherings, yta for making such a major change to the rules and expecting his family to fall in line.   christmas is not about you--it's about family, friendship, tradition, and celebrating together, and you chose to marry into a family in which alcohol is an integral part of their tradition.   and your childish and  ""it's time to grow up"" comments  are  judgmental and downright sanctimonious.

i almost gave this an e s h because your husband wasn't fully supporting you, but it seems like you didn't actually discuss this rule change with him, and he does have a right to have input into something major like this.","info:. have any past christmases/events been absolutely ruined because of alcohol? 

by that i mean violence, drama, puking on the floor, whatever? 

if not, this is a pretty strange rule to implement with your husband's family. they have nothing to do with your father being an alcoholic. if my boyfriend told my mother she can't drink wine with her christmas supper i would find that weird as hell.

yta unless something truly awful happened previously due to alcohol that would explain this.","i was hovering between n a h and yta, but i’m going to go with yta.

the reason i’d say n a h is because you can set the rules at your house-they can choose not to attend because of it.

however, i do think yta because of your attitudes towards people who drink, your judgmental attitude, for shoving your husband in the middle, and for thinking everyone else is ta because they don’t want to make the same choices you do. you’re banning alcohol because you personally think it’s childish, you’re judging people who drink, and you’re surprised they don’t want to get together with you? neither would i, and not because you’re not serving alcohol, but because of your snobby, holier-than-thou attitude. you think you’re better than them because you don’t drink-or at the very least, that’s the vibe you’re giving off.","you get a dry xmas, they get a merry xmas. your husband unfortunately is stuck with you.","it sounds like you’re projecting your trauma onto everyone. yta, go to therapy",YTA,YTA,YTA,YTA,YTA,YTA,INFO,NAH,,YTA,0.0411165254056303,"Classify the interpersonal conflict and explain your choice. Your choices are limited to you're the a**hole (yta) when the writer is causing the conflict, not the a**hole (nta) when someone other than the writer is causing the conflict, no a**holes here (nah) when no one is causing the conflict, everyone sucks here (esh) when everyone is causing the conflict, more information needed (info) when a classification cannot be made with the context provided. Conflict context: my husbands family likes to drink. every holiday includes multiple bottles of wine/cocktails. i hate drinking i have never drank my father was an alcoholic i think it’s childish if you can’t have fun without drinking. this year i’m hosting christmas for a change i decided since it’s at my house no alcohol allowed we are all getting older and it’s time to grow up. my husbands sister called to ask what she could bring. she saw a recipe for a christmas martini that she wanted to bring. i told her about my no alcohol rule. she didn’t say much but must have told the rest of the family. some of them started texting me asking me if i was serious and saying that it is lame. but i’m not budging. now it turns out my husbands sister is hosting an alternate gathering that almost everyone is choosing to go to instead. it’s so disrespectful all because they would have to spend one day sober. my husband told me he talked to his sister and we are invited to her gathering and he said we should just go and stop causing issues but i won’t it’s so rude. now husband is mad because i’m making him stay home and spend christmas with me but it was my turn to host and i chose to have a no alcohol they could have dealt with it for one year.","<s>[INST] <<SYS>>
Classify the interpersonal conflict and explain your choice. Your choices are limited to you're the a**hole (yta) when the writer is causing the conflict, not the a**hole (nta) when someone other than the writer is causing the conflict, no a**holes here (nah) when no one is causing the conflict, everyone sucks here (esh) when everyone is causing the conflict, more information needed (info) when a classification cannot be made with the context provided.
<</SYS>>

my husbands family likes to drink. every holiday includes multiple bottles of wine/cocktails. i hate drinking i have never drank my father was an alcoholic i think it’s childish if you can’t have fun without drinking. this year i’m hosting christmas for a change i decided since it’s at my house no alcohol allowed we are all getting older and it’s time to grow up. my husbands sister called to ask what she could bring. she saw a recipe for a christmas martini that she wanted to bring. i told her about my no alcohol rule. she didn’t say much but must have told the rest of the family. some of them started texting me asking me if i was serious and saying that it is lame. but i’m not budging. now it turns out my husbands sister is hosting an alternate gathering that almost everyone is choosing to go to instead. it’s so disrespectful all because they would have to spend one day sober. my husband told me he talked to his sister and we are invited to her gathering and he said we should just go and stop causing issues but i won’t it’s so rude. now husband is mad because i’m making him stay home and spend christmas with me but it was my turn to host and i chose to have a no alcohol they could have dealt with it for one year. [/INST] yta and the grinch who stole boozemas </s>","Arguments suggesting the author was in the wrong:
- yta and the grinch who stole boozemas
- yta for having a fit when no one wants to attend your optional gathering where alcohol is banned because you personally think it's childish. now all your in-laws know that you think they're immature alcoholics, so why on earth would you expect them to go to your dinner when you think that about them? no less on a holiday where yes, most people expect there to be festive alcoholic drinks served.

i don't even drink at dinners outside my home because i'm always driving home after, but i sure wouldn't attend one like yours. ya turkey ain't that good.","**Arguments why the author is in the wrong:** The author imposed a no-alcohol rule based on personal bias, disregarding her guests' traditions and preferences while implying they were immature for wanting alcohol at a holiday gathering. This likely alienated family members and made them feel judged, leading to an alternate gathering being planned. The action comes across as controlling and dismissive of others' enjoyment of Christmas traditions.

**Arguments why the author is in the right:** The author has a valid personal reason to avoid alcohol due to her history with an alcoholic parent, and hosting at her home naturally means she can set house rules. It’s reasonable for her to expect one sober holiday if it aligns with her values and personal boundaries.","**Arguments why the author is in the wrong:** Forcing personal preferences about alcohol on guests is inconsiderate, especially given their tradition of drinking during holidays. Hosting requires accommodating guests, and banning alcohol outright may seem controlling. Refusing to attend the alternate gathering disregards others' preferences and compromises family harmony.

**Arguments why the author is in the right:** The author is entitled to establish rules in their own home and has legitimate reasons for banning alcohol, rooted in personal experience and values. Family members should respect these boundaries for one day, and hosting alternatives undermines their decision as host.","AITA for banning alcohol from Christmas.my husbands family likes to drink. every holiday includes multiple bottles of wine/cocktails. i hate drinking i have never drank my father was an alcoholic i think it’s childish if you can’t have fun without drinking.

this year i’m hosting christmas for a change i decided since it’s at my house no alcohol allowed we are all getting older and it’s time to grow up.

my husbands sister called to ask what she could bring. she saw a recipe for a christmas martini that she wanted to bring. i told her about my no alcohol rule. she didn’t say much but must have told the rest of the family. some of them started texting me asking me if i was serious and saying that it is lame. but i’m not budging. 

now it turns out my husbands sister is hosting an alternate gathering that almost everyone is choosing to go to instead. it’s so disrespectful all because they would have to spend one day sober. 

my husband told me he talked to his sister and we are invited to her gathering and he said we should just go and stop causing issues but i won’t it’s so rude. 

now husband is mad because i’m making him stay home and spend christmas with me but it was my turn to host and i chose to have a no alcohol they could have dealt with it for one year.<br><br><h4>=============================================<br>Possible arguments against the author's actions:</h4> The author imposed a no-alcohol rule based on personal bias, disregarding her guests' traditions and preferences while implying they were immature for wanting alcohol at a holiday gathering. This likely alienated family members and made them feel judged, leading to an alternate gathering being planned. The action comes across as controlling and dismissive of others' enjoyment of Christmas traditions.<br><br><h4>=============================================<br>Possible arguments for the author's actions:</h4> The author has a valid personal reason to avoid alcohol due to her history with an alcoholic parent, and hosting at her home naturally means she can set house rules. It’s reasonable for her to expect one sober holiday if it aligns with her values and personal boundaries.","<b>Read the following message to an AI system. ""AITA"" stands for ""Am I the asshole.""</b><br><br>AITA for banning alcohol from Christmas.my husbands family likes to drink. every holiday includes multiple bottles of wine/cocktails. i hate drinking i have never drank my father was an alcoholic i think it’s childish if you can’t have fun without drinking.

this year i’m hosting christmas for a change i decided since it’s at my house no alcohol allowed we are all getting older and it’s time to grow up.

my husbands sister called to ask what she could bring. she saw a recipe for a christmas martini that she wanted to bring. i told her about my no alcohol rule. she didn’t say much but must have told the rest of the family. some of them started texting me asking me if i was serious and saying that it is lame. but i’m not budging. 

now it turns out my husbands sister is hosting an alternate gathering that almost everyone is choosing to go to instead. it’s so disrespectful all because they would have to spend one day sober. 

my husband told me he talked to his sister and we are invited to her gathering and he said we should just go and stop causing issues but i won’t it’s so rude. 

now husband is mad because i’m making him stay home and spend christmas with me but it was my turn to host and i chose to have a no alcohol they could have dealt with it for one year.",283,"AITA for banning alcohol from Christmas.my husbands family likes to drink. every holiday includes multiple bottles of wine/cocktails. i hate drinking i have never drank my father was an alcoholic i think it’s childish if you can’t have fun without drinking.

this year i’m hosting christmas for a change i decided since it’s at my house no alcohol allowed we are all getting older and it’s time to grow up.

my husbands sister called to ask what she could bring. she saw a recipe for a christmas martini that she wanted to bring. i told her about my no alcohol rule. she didn’t say much but must have told the rest of the family. some of them started texting me asking me if i was serious and saying that it is lame. but i’m not budging. 

now it turns out my husbands sister is hosting an alternate gathering that almost everyone is choosing to go to instead. it’s so disrespectful all because they would have to spend one day sober. 

my husband told me he talked to his sister and we are invited to her gathering and he said we should just go and stop causing issues but i won’t it’s so rude. 

now husband is mad because i’m making him stay home and spend christmas with me but it was my turn to host and i chose to have a no alcohol they could have dealt with it for one year."
9,285,AITA for calling my husband unreasonable for canceling the holiday trip just because me and the kids coupdn't help him in an emergency?,"my husband and i have been together for 4 years. i have two kids (17m /19f). and their half brother is 3 years old.



this past week. my husband had an emergency (dad had a medical emergency) and wanted someone to watch our son. he asked my older son and he refused because he was going out with friends. he also asked my daughter but she locked herself in her room to study. i was at the restaurant with my brother meeting his girlfriend for the first time. my husband ended up taking our son with him to the hospital and his mom watched him from there.


he came home and was lashing out on everybody. calling us selfish and unfeeling. i tried to explain that the kids were busy but he told me to get the f out with that bull because my older son could've skipped the hangout and watched his brother and, my daughter could've watched her brother while studying instead of locking herself in her room. he scolded me as well but i told him i couldn't leave lunch with my brother since he was visiting town and this was my only chance to meet his girlfriend.

he yelled some more than told us that he was canceling the family holiday trip for christmas this year. the two older kids were upset and said it was unfair. i called him unreasonable to cancel the trip and punish the kids (and possibly me) like that. he refused to discuss it later. now me and the kids aren't speaking to him and he's saying ""good riddance""


*edit my husband was supposed to watch our son at the time. that's why i went to see my brother at the restaurant. the kids aren't used to watching their brother when neither parent is home.*


*update my husband just told us that he'll be spending christmas with his family saying he needs to be around his dad anyway. the kids said they will just go to their dad since they and my husband are still not talking. neither of the kids are happy with how things turned out. so i feel like things have gotten out of hand and the problem got bigger. he's now choosing to basically abandon us on christmas and also keep our son away from me and his siblings.*",24679,https://www.reddit.com/r/AmItheAsshole/comments/zbguxp/aita_for_calling_my_husband_unreasonable_for/,2022-12-03 13:56:13,"yta

let’s fix the title of your post: 

my husband canceled our holiday trip because my kids &amp; i are unreasonable &amp; he just found out that we couldn’t care less about him or his family

edit — thank you kind award givers!

eta more — seriously, op stop adding edits!! you are so far away from being helpful to anyone, including yourself in this situation. just stop. it appears you &amp; your older kids will be getting consequences this year for christmas","yta

medical emergency &gt; hanging out

medical emergency &gt; studying 

medical emergency &gt; lunchie munchies","yta  
  
when there's a family emergency, you drop everything to help. meeting your brother's girlfriend for the first time is not a valid excuse not to go watch the 3yo, i mean wtf? clearly you put your husband very low on  your list of priorities.   
  
i don't blame him for cancelling, you guys don't deserve it.","yta and the two kids, its not that you couldn't help him its that you wouldn't help him and actions have consequences, if you don't do the work you don't get the reward","yta

&gt;i was at the restaurant with my brother meeting his girlfriend for the first time.

and you are his mother??

&gt;he refused because he was going out with friends.

it was a f emergency and you turned your back to your husband and your son. you three, especially you op, are shocking.

poor guys, what a horrible family they have.

you'd be lucky if he only cancels the holydays

eta thanks for all the upvotes and to the anonymous redditor that awarded this comment!

eta2 thank you, u/blonderoastme, for the award!

eta3: an update from op:

&gt;he's now choosing to basically _abandon_ us on christmas and also _keep our son away from me and his siblings_

are you serious?

you three abandoned your husband. 

you three kept the toddler away from you.

honestly, don't you think you have made enough damage to your image?

and yes, be prepared,most probably you're going to be served papers sooner or later. 

congrats.

eta4: thanks u/arcana013 for the award

eta5: thanks to the anonymous redditor that awarded this comment

eta6: thanks u/kittenspangles","just to add, the 3yo is your son too. your husband had a genuine emergency, and instead of reacting with compassion you had to stay at the restaurant? this doesn’t even add up. the father’s wife had to watch the toddler while her husband was being treated? if this is real, i’m going with yta.",[deleted],"yta. any single one of you could, and should have dropped what you were doing. you were all selfish. nothing any of you were doing was life and death, meanwhile what your husband was dealing with could have been. you all suck. that poor man has no support from his own damn family","yikes...yta (you, your son and your daughter).   and i don't blame him for canceling the trip. seems to me you 3 are very self-centered.

also, isn't this your son as well? sorry, but i think you could have easily picked up your kid for lunch and / or invited your brother and his girlfriend back to your place to watch him.  

the same goes to your son and daughter. your son could have canceled hanging out with his friends for one day,  and your daughter was home and could have easily watched him.

you 3 made things more difficult and stressful for your husband and not only that, were you not even concerned for your fil?","congratulations on raising 2 kids who are exactly like you. selfish. 

it was a medical emergency. 

i divorced my husband over a medical emergency when he left me hanging. 

enjoy your single life.

yta",YTA,YTA,YTA,YTA,YTA,YTA,,YTA,YTA,YTA,0.0,"Classify the interpersonal conflict and explain your choice. Your choices are limited to you're the a**hole (yta) when the writer is causing the conflict, not the a**hole (nta) when someone other than the writer is causing the conflict, no a**holes here (nah) when no one is causing the conflict, everyone sucks here (esh) when everyone is causing the conflict, more information needed (info) when a classification cannot be made with the context provided. Conflict context: my husband and i have been together for 4 years. i have two kids (17m /19f). and their half brother is 3 years old. this past week. my husband had an emergency (dad had a medical emergency) and wanted someone to watch our son. he asked my older son and he refused because he was going out with friends. he also asked my daughter but she locked herself in her room to study. i was at the restaurant with my brother meeting his girlfriend for the first time. my husband ended up taking our son with him to the hospital and his mom watched him from there. he came home and was lashing out on everybody. calling us selfish and unfeeling. i tried to explain that the kids were busy but he told me to get the f out with that bull because my older son could've skipped the hangout and watched his brother and, my daughter could've watched her brother while studying instead of locking herself in her room. he scolded me as well but i told him i couldn't leave lunch with my brother since he was visiting town and this was my only chance to meet his girlfriend. he yelled some more than told us that he was canceling the family holiday trip for christmas this year. the two older kids were upset and said it was unfair. i called him unreasonable to cancel the trip and punish the kids (and possibly me) like that. he refused to discuss it later. now me and the kids aren't speaking to him and he's saying ""good riddance"" *edit my husband was supposed to watch our son at the time. that's why i went to see my brother at the restaurant. the kids aren't used to watching their brother when neither parent is home.* *update my husband just told us that he'll be spending christmas with his family saying he needs to be around his dad anyway. the kids said they will just go to their dad since they and my husband are still not talking. neither of the kids are happy with how things turned out. so i feel like things have gotten out of hand and the problem got bigger. he's now choosing to basically abandon us on christmas and also keep our son away from me and his siblings.*","<s>[INST] <<SYS>>
Classify the interpersonal conflict and explain your choice. Your choices are limited to you're the a**hole (yta) when the writer is causing the conflict, not the a**hole (nta) when someone other than the writer is causing the conflict, no a**holes here (nah) when no one is causing the conflict, everyone sucks here (esh) when everyone is causing the conflict, more information needed (info) when a classification cannot be made with the context provided.
<</SYS>>

my husband and i have been together for 4 years. i have two kids (17m /19f). and their half brother is 3 years old. this past week. my husband had an emergency (dad had a medical emergency) and wanted someone to watch our son. he asked my older son and he refused because he was going out with friends. he also asked my daughter but she locked herself in her room to study. i was at the restaurant with my brother meeting his girlfriend for the first time. my husband ended up taking our son with him to the hospital and his mom watched him from there. he came home and was lashing out on everybody. calling us selfish and unfeeling. i tried to explain that the kids were busy but he told me to get the f out with that bull because my older son could've skipped the hangout and watched his brother and, my daughter could've watched her brother while studying instead of locking herself in her room. he scolded me as well but i told him i couldn't leave lunch with my brother since he was visiting town and this was my only chance to meet his girlfriend. he yelled some more than told us that he was canceling the family holiday trip for christmas this year. the two older kids were upset and said it was unfair. i called him unreasonable to cancel the trip and punish the kids (and possibly me) like that. he refused to discuss it later. now me and the kids aren't speaking to him and he's saying ""good riddance"" *edit my husband was supposed to watch our son at the time. that's why i went to see my brother at the restaurant. the kids aren't used to watching their brother when neither parent is home.* *update my husband just told us that he'll be spending christmas with his family saying he needs to be around his dad anyway. the kids said they will just go to their dad since they and my husband are still not talking. neither of the kids are happy with how things turned out. so i feel like things have gotten out of hand and the problem got bigger. he's now choosing to basically abandon us on christmas and also keep our son away from me and his siblings.* [/INST] yta let’s fix the title of your post: my husband canceled our holiday trip because my kids &amp; i are unreasonable &amp; he just found out that we couldn’t care less about him or his family edit — thank you kind award givers! eta more — seriously, op stop adding edits!! you are so far away from being helpful to anyone, including yourself in this situation. just stop. it appears you &amp; your older kids will be getting consequences this year for christmas </s>","Arguments suggesting the author was in the wrong:
- yta

let’s fix the title of your post: 

my husband canceled our holiday trip because my kids &amp; i are unreasonable &amp; he just found out that we couldn’t care less about him or his family

edit — thank you kind award givers!

eta more — seriously, op stop adding edits!! you are so far away from being helpful to anyone, including yourself in this situation. just stop. it appears you &amp; your older kids will be getting consequences this year for christmas
- yta

medical emergency &gt; hanging out

medical emergency &gt; studying 

medical emergency &gt; lunchie munchies","**Arguments why the author is in the wrong:** The author and her older kids appear dismissive of the urgency of a medical emergency; prioritizing leisure activities and personal plans instead of supporting her husband. This lack of empathy and responsibility may have justified her husband's frustration and cancellation of the holidays. Her edits also seem to deflect accountability rather than addressing the core issue. 

**Arguments why the author is in the right:** The older kids were unused to babysitting in such situations, and the author had legitimate prior plans to meet her brother's girlfriend. Given the circumstances, it's possible that her inability to respond wasn’t intentional neglect but rather a logistical failure, making the reaction from her husband disproportionately punitive.","**Arguments why the author is in the wrong:**  
- The author dismissed the seriousness of her husband’s emergency by prioritizing meeting her brother’s girlfriend over supporting him or helping with childcare.  
- The two older children’s refusal to step in highlights a family dynamic where there seems to be little shared responsibility or understanding of urgent situations.  
- Calling her husband unreasonable after his clear frustration over feeling unsupported may have further escalated conflict instead of fostering constructive communication.  

**Arguments why the author is in the right:**  
- Her husband’s decision to cancel the holiday trip as punishment affects the entire family, including the kids, which may be excessive and disproportionate to the situation.  
- The older kids are not used to watching their 3-year-old sibling without parental supervision, so expecting them to step in without prior preparation or agreement might be unfair.  
- The husband’s decision to spend Christmas away and take their son without further discussion seems extreme and exacerbates family tensions.","AITA for calling my husband unreasonable for canceling the holiday trip just because me and the kids coupdn't help him in an emergency?my husband and i have been together for 4 years. i have two kids (17m /19f). and their half brother is 3 years old.



this past week. my husband had an emergency (dad had a medical emergency) and wanted someone to watch our son. he asked my older son and he refused because he was going out with friends. he also asked my daughter but she locked herself in her room to study. i was at the restaurant with my brother meeting his girlfriend for the first time. my husband ended up taking our son with him to the hospital and his mom watched him from there.


he came home and was lashing out on everybody. calling us selfish and unfeeling. i tried to explain that the kids were busy but he told me to get the f out with that bull because my older son could've skipped the hangout and watched his brother and, my daughter could've watched her brother while studying instead of locking herself in her room. he scolded me as well but i told him i couldn't leave lunch with my brother since he was visiting town and this was my only chance to meet his girlfriend.

he yelled some more than told us that he was canceling the family holiday trip for christmas this year. the two older kids were upset and said it was unfair. i called him unreasonable to cancel the trip and punish the kids (and possibly me) like that. he refused to discuss it later. now me and the kids aren't speaking to him and he's saying ""good riddance""


*edit my husband was supposed to watch our son at the time. that's why i went to see my brother at the restaurant. the kids aren't used to watching their brother when neither parent is home.*


*update my husband just told us that he'll be spending christmas with his family saying he needs to be around his dad anyway. the kids said they will just go to their dad since they and my husband are still not talking. neither of the kids are happy with how things turned out. so i feel like things have gotten out of hand and the problem got bigger. he's now choosing to basically abandon us on christmas and also keep our son away from me and his siblings.*<br><br><h4>=============================================<br>Possible arguments against the author's actions:</h4> The author and her older kids appear dismissive of the urgency of a medical emergency; prioritizing leisure activities and personal plans instead of supporting her husband. This lack of empathy and responsibility may have justified her husband's frustration and cancellation of the holidays. Her edits also seem to deflect accountability rather than addressing the core issue. <br><br><h4>=============================================<br>Possible arguments for the author's actions:</h4> The older kids were unused to babysitting in such situations, and the author had legitimate prior plans to meet her brother's girlfriend. Given the circumstances, it's possible that her inability to respond wasn’t intentional neglect but rather a logistical failure, making the reaction from her husband disproportionately punitive.","<b>Read the following message to an AI system. ""AITA"" stands for ""Am I the asshole.""</b><br><br>AITA for calling my husband unreasonable for canceling the holiday trip just because me and the kids coupdn't help him in an emergency?my husband and i have been together for 4 years. i have two kids (17m /19f). and their half brother is 3 years old.



this past week. my husband had an emergency (dad had a medical emergency) and wanted someone to watch our son. he asked my older son and he refused because he was going out with friends. he also asked my daughter but she locked herself in her room to study. i was at the restaurant with my brother meeting his girlfriend for the first time. my husband ended up taking our son with him to the hospital and his mom watched him from there.


he came home and was lashing out on everybody. calling us selfish and unfeeling. i tried to explain that the kids were busy but he told me to get the f out with that bull because my older son could've skipped the hangout and watched his brother and, my daughter could've watched her brother while studying instead of locking herself in her room. he scolded me as well but i told him i couldn't leave lunch with my brother since he was visiting town and this was my only chance to meet his girlfriend.

he yelled some more than told us that he was canceling the family holiday trip for christmas this year. the two older kids were upset and said it was unfair. i called him unreasonable to cancel the trip and punish the kids (and possibly me) like that. he refused to discuss it later. now me and the kids aren't speaking to him and he's saying ""good riddance""


*edit my husband was supposed to watch our son at the time. that's why i went to see my brother at the restaurant. the kids aren't used to watching their brother when neither parent is home.*


*update my husband just told us that he'll be spending christmas with his family saying he needs to be around his dad anyway. the kids said they will just go to their dad since they and my husband are still not talking. neither of the kids are happy with how things turned out. so i feel like things have gotten out of hand and the problem got bigger. he's now choosing to basically abandon us on christmas and also keep our son away from me and his siblings.*",285,"AITA for calling my husband unreasonable for canceling the holiday trip just because me and the kids coupdn't help him in an emergency?my husband and i have been together for 4 years. i have two kids (17m /19f). and their half brother is 3 years old.



this past week. my husband had an emergency (dad had a medical emergency) and wanted someone to watch our son. he asked my older son and he refused because he was going out with friends. he also asked my daughter but she locked herself in her room to study. i was at the restaurant with my brother meeting his girlfriend for the first time. my husband ended up taking our son with him to the hospital and his mom watched him from there.


he came home and was lashing out on everybody. calling us selfish and unfeeling. i tried to explain that the kids were busy but he told me to get the f out with that bull because my older son could've skipped the hangout and watched his brother and, my daughter could've watched her brother while studying instead of locking herself in her room. he scolded me as well but i told him i couldn't leave lunch with my brother since he was visiting town and this was my only chance to meet his girlfriend.

he yelled some more than told us that he was canceling the family holiday trip for christmas this year. the two older kids were upset and said it was unfair. i called him unreasonable to cancel the trip and punish the kids (and possibly me) like that. he refused to discuss it later. now me and the kids aren't speaking to him and he's saying ""good riddance""


*edit my husband was supposed to watch our son at the time. that's why i went to see my brother at the restaurant. the kids aren't used to watching their brother when neither parent is home.*


*update my husband just told us that he'll be spending christmas with his family saying he needs to be around his dad anyway. the kids said they will just go to their dad since they and my husband are still not talking. neither of the kids are happy with how things turned out. so i feel like things have gotten out of hand and the problem got bigger. he's now choosing to basically abandon us on christmas and also keep our son away from me and his siblings.*"
10,290,AITA for telling my daughter [26F] that I [55M] will not walk down the aisle with her stepdad [50M].,"my wife and i divorced when my daughter was 6 years old, and my wife had custody of my daughter for the most part since i was too busy working 50 hours a week, she quickly moved on to be with another man 7 years younger than her. i knew from many stories i've heard that my daughter would probably end up being closer to him than me, since not only was our time together very limited but he was a stay at home dad, which means they had plenty of time to bond together which makes me feel sick to this day. this may sound immature but i made her promise to never ever call her stepdad(dad), that i was her only father and to not betray me. but i have no control over what she or they do in their home. fast forward to now my prediction came through and she's obviously closer to her step dad than me. she has gotten engaged about a year ago and now that the wedding is approaching near(1 month or so)  she's now out of the blue told me that she wants both me and her stepdad to walk her down the aisle after promising me i would be the one to do it. even though i know they're very close, i don't believe he has any right to walk my blood daugther down the aisle. i am her only father, it isn't fair that he got to be with my daugther more than me, her bio dad, and now he wants to take this moment from me too. i got a bit angry and told her i absolutely will not share an honor that is meant for me the actual father of the bride with some guy i barely know. she told me he's done a lot for her growing up and that i'm being petty over something that happened years ago. i told her i wasn't going to argue about it and if she wants her stepdad to walk her she can, but i won't be there to see it. 

i was told by a friend of mine who uses this site quite often that many people have gone through something similar to this with their kids or parents, so i wanted to see other people's perspective, on if it's wrong for me to want to be the only one to walk my only daughter down the aisle.",24502,https://www.reddit.com/r/AmItheAsshole/comments/d4x0zs/aita_for_telling_my_daughter_26f_that_i_55m_will/,2019-09-16 06:52:24,yta - it's her day and you're already ruining shit.,"yta 

so you can't be an adult and put aside your feelings for one day for your daughter? why are you making her choose? what's so horrible about her wanting both of her father figures to walk her down the aisle?  her mom remarrying a younger guy literally has nothing to do with the story. you sound jealous and bitter.","yta.

my own dad did this selfish shit to me and our relationship has never been the same. you made your daughter promise to be loyal to you? what kind of sick shit is that to put on your child? since becoming a parent myself, and a divorced one at that who has secondary custody, i love anyone who loves my child. how blessed your daughter would have been to have two amazing fathers by her side — but you’re too fucking wrapped in your own goddamn ego for her to have that.","yta, and you've clearly been one all her life.

* you made a 6 year old child promise something that you've been manipulating her with and ""reminding"" her about through her life
* you've clearly been bitter about your ex daring to move on and get remarried, because you ""knew"" they would be closer since they spent more time together. that isn't the case - you can be close to a person without spending every waking moment with them. where it becomes difficult is when they are bitter and insist of bad-mouthing the other people in your life - children are smart. she knew exactly what you were doing, and as she grew older and realised just how bitter you were, her emotions understandably caught up to your manipulation.
* you're making the one day in her life that is undoubtedly about her, about you. you're forcing her to choose, so i hope you aren't surprised when she chooses the person who brought her up with love, instead of bitterness.

having both ""fathers"" walking a bride down the aisle can be the most heartwarming moment ever: https://www.today.com/parents/dad-surprises-stepdad-daughters-wedding-both-walking-bride-down-aisle-t46981

but based on the person you've been since you and your ex split? i hope your daughter not only chooses the man that raised her well, but also chooses to given him the title he deserves far more than you - that of dad.

biology doesn't a father make, and your post proves that beyond a doubt. yta.","am i the only one who is seething in anger because of this guy? the audacity that he even asked this question. i feel so bad for his daughter for having such a shitty, petty excuse for a father.","yta - stop being so petty. your daughter was fortunate enough to have a step father that was active in her life. he is an addition not a replacement. she wants to acknowledge both of you. if you want to stomp your feet and have a temper tantrum you will more than likely be given a seat to watch her walk down the aisle with him. if you want to be a part of her life, your actions should reflect that. grow up.","yta.

the only person to blame for you not spending more time with your daughter is you. you chose work over your daughter.

it's not surprising she has grown to love someone that has pretty much helped to raise her and has been there for her, and it's unfair of you to expect to be her number 1, when you didn't make her your number 1.

she wants you at her wedding. it's her day. nothing to do with you. she wants both her fathers there to walk her down the aisle. suck it up, show your daughter that what she wants means more for that one day than what you want, and be happy for her.

if you don't go, i imagine it will possibly put a wedge in your relationship that may not be able to be fixed.","yta. it really takes a village to raise a child and this man treated your daughter as his own and helped foster a healthy home environment for her. holy familial alienation on your behalf. you’re literally choosing yourself over your child being healthy and happy. what you went through sucks, but this is her day and you’re kind of ruining it. she shouldn’t have to stress about appeasing your jealousy on her wedding day. the fact that she wants to give everyone who was there in supporting her growth a place in her wedding really says that she’s grown to be a wonderful woman. choose to see that. choose to be grateful that she has a family filled with people who have supported her development. i had 0 dads because every man who ever walked into my life either left me or harmed me or both. i would have given so much to have multiple sources of love in my life.","yta at the end of the day it’s her choice. be happy that she hasn’t chosen him over you. 

family is who is there for you, not blood.

man up, shoulder your pride and do it for her because this other dude obviously means a lot to her and digging in your heels will drive a wedge in your relationship.","yta 

walking your daughter down the aisle is a **privilege** not a **right**",YTA,YTA,YTA,YTA,,YTA,YTA,YTA,YTA,YTA,0.0,"Classify the interpersonal conflict and explain your choice. Your choices are limited to you're the a**hole (yta) when the writer is causing the conflict, not the a**hole (nta) when someone other than the writer is causing the conflict, no a**holes here (nah) when no one is causing the conflict, everyone sucks here (esh) when everyone is causing the conflict, more information needed (info) when a classification cannot be made with the context provided. Conflict context: my wife and i divorced when my daughter was 6 years old, and my wife had custody of my daughter for the most part since i was too busy working 50 hours a week, she quickly moved on to be with another man 7 years younger than her. i knew from many stories i've heard that my daughter would probably end up being closer to him than me, since not only was our time together very limited but he was a stay at home dad, which means they had plenty of time to bond together which makes me feel sick to this day. this may sound immature but i made her promise to never ever call her stepdad(dad), that i was her only father and to not betray me. but i have no control over what she or they do in their home. fast forward to now my prediction came through and she's obviously closer to her step dad than me. she has gotten engaged about a year ago and now that the wedding is approaching near(1 month or so) she's now out of the blue told me that she wants both me and her stepdad to walk her down the aisle after promising me i would be the one to do it. even though i know they're very close, i don't believe he has any right to walk my blood daugther down the aisle. i am her only father, it isn't fair that he got to be with my daugther more than me, her bio dad, and now he wants to take this moment from me too. i got a bit angry and told her i absolutely will not share an honor that is meant for me the actual father of the bride with some guy i barely know. she told me he's done a lot for her growing up and that i'm being petty over something that happened years ago. i told her i wasn't going to argue about it and if she wants her stepdad to walk her she can, but i won't be there to see it. i was told by a friend of mine who uses this site quite often that many people have gone through something similar to this with their kids or parents, so i wanted to see other people's perspective, on if it's wrong for me to want to be the only one to walk my only daughter down the aisle.","<s>[INST] <<SYS>>
Classify the interpersonal conflict and explain your choice. Your choices are limited to you're the a**hole (yta) when the writer is causing the conflict, not the a**hole (nta) when someone other than the writer is causing the conflict, no a**holes here (nah) when no one is causing the conflict, everyone sucks here (esh) when everyone is causing the conflict, more information needed (info) when a classification cannot be made with the context provided.
<</SYS>>

my wife and i divorced when my daughter was 6 years old, and my wife had custody of my daughter for the most part since i was too busy working 50 hours a week, she quickly moved on to be with another man 7 years younger than her. i knew from many stories i've heard that my daughter would probably end up being closer to him than me, since not only was our time together very limited but he was a stay at home dad, which means they had plenty of time to bond together which makes me feel sick to this day. this may sound immature but i made her promise to never ever call her stepdad(dad), that i was her only father and to not betray me. but i have no control over what she or they do in their home. fast forward to now my prediction came through and she's obviously closer to her step dad than me. she has gotten engaged about a year ago and now that the wedding is approaching near(1 month or so) she's now out of the blue told me that she wants both me and her stepdad to walk her down the aisle after promising me i would be the one to do it. even though i know they're very close, i don't believe he has any right to walk my blood daugther down the aisle. i am her only father, it isn't fair that he got to be with my daugther more than me, her bio dad, and now he wants to take this moment from me too. i got a bit angry and told her i absolutely will not share an honor that is meant for me the actual father of the bride with some guy i barely know. she told me he's done a lot for her growing up and that i'm being petty over something that happened years ago. i told her i wasn't going to argue about it and if she wants her stepdad to walk her she can, but i won't be there to see it. i was told by a friend of mine who uses this site quite often that many people have gone through something similar to this with their kids or parents, so i wanted to see other people's perspective, on if it's wrong for me to want to be the only one to walk my only daughter down the aisle. [/INST] yta - it's her day and you're already ruining shit. </s>","Arguments suggesting the author was in the wrong:
- yta - it's her day and you're already ruining shit.
- yta 

so you can't be an adult and put aside your feelings for one day for your daughter? why are you making her choose? what's so horrible about her wanting both of her father figures to walk her down the aisle?  her mom remarrying a younger guy literally has nothing to do with the story. you sound jealous and bitter.","**Arguments why the author is in the wrong:** The day is about the daughter's happiness, and the author is prioritizing his pride over her wishes, making her choose between two father figures instead of supporting her decision. His animosity toward the stepdad stems from jealousy and bitterness, which are unrelated to what the daughter wants for her wedding.

**Arguments why the author is in the right:** As the biological father, the author feels the honor of walking his daughter down the aisle should belong solely to him. Sharing this moment with the stepdad undermines his unique role as her father.","**Arguments why the author is in the wrong:** The author appears to be prioritizing his feelings and resentment toward the stepdad over his daughter's wishes, which can come across as selfish and punitive. His decision to potentially skip the wedding if she includes her stepdad in such a meaningful role might hurt his relationship with her further. Additionally, the author is disregarding the significant role the stepdad has played in his daughter's life.

**Arguments why the author is in the right:** The author feels that, as the biological father, walking his daughter down the aisle is a unique and special honor that symbolizes their bond. Sharing this role with the stepdad may feel like a minimization of his position and significance as her father, especially given his limited time with her growing up, which was not necessarily his fault. His feelings of being displaced or sidelined are valid and human.","AITA for telling my daughter [26F] that I [55M] will not walk down the aisle with her stepdad [50M].my wife and i divorced when my daughter was 6 years old, and my wife had custody of my daughter for the most part since i was too busy working 50 hours a week, she quickly moved on to be with another man 7 years younger than her. i knew from many stories i've heard that my daughter would probably end up being closer to him than me, since not only was our time together very limited but he was a stay at home dad, which means they had plenty of time to bond together which makes me feel sick to this day. this may sound immature but i made her promise to never ever call her stepdad(dad), that i was her only father and to not betray me. but i have no control over what she or they do in their home. fast forward to now my prediction came through and she's obviously closer to her step dad than me. she has gotten engaged about a year ago and now that the wedding is approaching near(1 month or so)  she's now out of the blue told me that she wants both me and her stepdad to walk her down the aisle after promising me i would be the one to do it. even though i know they're very close, i don't believe he has any right to walk my blood daugther down the aisle. i am her only father, it isn't fair that he got to be with my daugther more than me, her bio dad, and now he wants to take this moment from me too. i got a bit angry and told her i absolutely will not share an honor that is meant for me the actual father of the bride with some guy i barely know. she told me he's done a lot for her growing up and that i'm being petty over something that happened years ago. i told her i wasn't going to argue about it and if she wants her stepdad to walk her she can, but i won't be there to see it. 

i was told by a friend of mine who uses this site quite often that many people have gone through something similar to this with their kids or parents, so i wanted to see other people's perspective, on if it's wrong for me to want to be the only one to walk my only daughter down the aisle.<br><br><h4>=============================================<br>Possible arguments against the author's actions:</h4> The day is about the daughter's happiness, and the author is prioritizing his pride over her wishes, making her choose between two father figures instead of supporting her decision. His animosity toward the stepdad stems from jealousy and bitterness, which are unrelated to what the daughter wants for her wedding.<br><br><h4>=============================================<br>Possible arguments for the author's actions:</h4> As the biological father, the author feels the honor of walking his daughter down the aisle should belong solely to him. Sharing this moment with the stepdad undermines his unique role as her father.","<b>Read the following message to an AI system. ""AITA"" stands for ""Am I the asshole.""</b><br><br>AITA for telling my daughter [26F] that I [55M] will not walk down the aisle with her stepdad [50M].my wife and i divorced when my daughter was 6 years old, and my wife had custody of my daughter for the most part since i was too busy working 50 hours a week, she quickly moved on to be with another man 7 years younger than her. i knew from many stories i've heard that my daughter would probably end up being closer to him than me, since not only was our time together very limited but he was a stay at home dad, which means they had plenty of time to bond together which makes me feel sick to this day. this may sound immature but i made her promise to never ever call her stepdad(dad), that i was her only father and to not betray me. but i have no control over what she or they do in their home. fast forward to now my prediction came through and she's obviously closer to her step dad than me. she has gotten engaged about a year ago and now that the wedding is approaching near(1 month or so)  she's now out of the blue told me that she wants both me and her stepdad to walk her down the aisle after promising me i would be the one to do it. even though i know they're very close, i don't believe he has any right to walk my blood daugther down the aisle. i am her only father, it isn't fair that he got to be with my daugther more than me, her bio dad, and now he wants to take this moment from me too. i got a bit angry and told her i absolutely will not share an honor that is meant for me the actual father of the bride with some guy i barely know. she told me he's done a lot for her growing up and that i'm being petty over something that happened years ago. i told her i wasn't going to argue about it and if she wants her stepdad to walk her she can, but i won't be there to see it. 

i was told by a friend of mine who uses this site quite often that many people have gone through something similar to this with their kids or parents, so i wanted to see other people's perspective, on if it's wrong for me to want to be the only one to walk my only daughter down the aisle.",290,"AITA for telling my daughter [26F] that I [55M] will not walk down the aisle with her stepdad [50M].my wife and i divorced when my daughter was 6 years old, and my wife had custody of my daughter for the most part since i was too busy working 50 hours a week, she quickly moved on to be with another man 7 years younger than her. i knew from many stories i've heard that my daughter would probably end up being closer to him than me, since not only was our time together very limited but he was a stay at home dad, which means they had plenty of time to bond together which makes me feel sick to this day. this may sound immature but i made her promise to never ever call her stepdad(dad), that i was her only father and to not betray me. but i have no control over what she or they do in their home. fast forward to now my prediction came through and she's obviously closer to her step dad than me. she has gotten engaged about a year ago and now that the wedding is approaching near(1 month or so)  she's now out of the blue told me that she wants both me and her stepdad to walk her down the aisle after promising me i would be the one to do it. even though i know they're very close, i don't believe he has any right to walk my blood daugther down the aisle. i am her only father, it isn't fair that he got to be with my daugther more than me, her bio dad, and now he wants to take this moment from me too. i got a bit angry and told her i absolutely will not share an honor that is meant for me the actual father of the bride with some guy i barely know. she told me he's done a lot for her growing up and that i'm being petty over something that happened years ago. i told her i wasn't going to argue about it and if she wants her stepdad to walk her she can, but i won't be there to see it. 

i was told by a friend of mine who uses this site quite often that many people have gone through something similar to this with their kids or parents, so i wanted to see other people's perspective, on if it's wrong for me to want to be the only one to walk my only daughter down the aisle."
11,357,AITA for buying my wife a Roomba for Christmas?,"this happened last year but since it still gets brought up during arguments every now and then and i just discovered this subreddit i decided to check what you guys think.

me and my wife have two children (15f &amp; 11m). my wife is a stay at home mom since the birth of our second child. i (46m) work full time and earn a six figure salary. my job is highly stressful, requires me to travel a lot and mostly sleep in hotels. i only get to come home to my family on every second weekend, on average. despite working a lot, i am glad to do it so that my family can live a comfortable life.

last year, i decided to buy my wife a roomba for christmas. my wife tends to be the one who vacuums the house so i presumed that she would like this present as it would free her of this chore.

as she unpacked the present, she was heavily offended and did not hesitate to show it, which made the whole situation quite uncomfortable as my parents and other members of the family were also present. she argued that 'this should not be a present directed at her but at the whole family, as it is the entire family’s responsibility to clean up the house'.

since i work and am the sole source of income in the family and she is a stay at home mother, i think it is apparent that she should take on responsibilities such as taking care of the kids and maintaining the house. the gift was intended to somewhat relieve her of this burden. i, personally, would have loved to have received a christmas gift that would have somehow made it possible for me to spend less time working. as cheesy as it sounds, i think that time is one of the most precious gifts and that roomba would have definitely bought some time for her - time that she could use to do whatever she pleased instead of vacuuming. 

unfortunately, one year later, this still often gets brought up during arguments, often coupled with her crying.

so, aita in this situation?",23227,https://www.reddit.com/r/AmItheAsshole/comments/ed9cyv/aita_for_buying_my_wife_a_roomba_for_christmas/,2019-12-20 12:08:59,yta: that’s a gift for the household and not her. it shows you primarily regard her as a housekeeper and not a partner. what interests does she have that are not about serving you and the family?,"yta. this is a rookie mistake. husband thinks ""wife will appreciate a machine to make her work easier,"" wife thinks ""my husband sees me primarily as a housekeeper and not as a romantic partner.""

if you want to relieve her of this one burden, that's a nice thought, but don't make it a christmas gift, make it a contribution to the welfare of the household. that's what your wife meant when she said ""this should not be a present directed at her but at the whole family.""","nta, ffs can we get some adults in this god damn subreddit. 

no one every complains when a woman buys a man a drill or a wrench set for fixing shit around the house.

she's an adult, these are adult gifts. it should definitely be coupled with something personal though, and it sounds like it was. she's being a child.

my wife would be overcome with joy if i eliminated the chore of floor cleaning from our household.","my dad got my mom a wheelbarrow for xmas. she needed one for the barn to care for her horses. they divorced a year later and that even came up in court.

meanwhile, i got a new washer and dryer  for valentines day one year and i couldn’t have been happier. made my life a lot easier. my mother was horrified.

so....it’s really an issue of knowing your audience. i would be super excited for a roomba. clearly your wife not so much. that it keeps getting brought up is kind of nuts though. 

if she was hurt because she had asked you for something else or wanted something more romantic or sentimental vs practical, you guys could’ve returned the roomba and you could endeavor to be a better gift giver.  but tears? recurring argument fodder?  sounds like you need to read five love languages.  and she maybe needs therapy. 

esh","nta. yikes if this makes you an asshole my mom must hate us cause we (my siblings and i) got her a roomba for christmas a few years ago. we also got her a really nice dyson cordless vacuum for her birthday this year. she uses the vacuum constantly and loves it. the roomba goes around twice a week and gets a ton of dog hair. we also get my father power tools, which i would say is in the same line of gifting.

if you had gifted a nice set of pots and pans would that also be asshole-ish because she uses them to make meals for the whole family? or when people gift a dog but the whole family gets to appreciate him/her? people gift items all the time that more than one person gets to appreciate. a roomba should theoretically give her more time to relax with her children and take some stress off of her while you’re gone. i see no issue with it.","nta. a roomba is a great gift. it's not a necessity, it's a fucking luxury.","yta.  cleaning items, appliances, and other household goods things are not good christmas presents unless the person explicitly asks for that for christmas.  you got her something impersonal and meant for the household.","you know this isn't really about the roomba, right?","&gt; i think it is apparent that she should take on responsibilities such as taking care of the kids and maintaining the house. 

it is understandable that she'll do most of it, but you can't buy your way out of adult responsibilities. what bugs me also is that you use ""i think she should"", that's something you never discussed about ?

and yeah, cleaning stuff / cooking ustensils aren't good choices. they give the vibe your wife is only useful for that. yta","i wanted to buy my so a nice set of kitchen knives but i wasn’t sure if she would have a similar reaction to your wife so i ended up just asking her if it would offend her. she actually liked the idea and offered a suggestion for some knives her mother had that she knew she liked. generally i would stay away from household stuff like that if it could have like sexist connotations. you probably wouldnt gift her a broom and dustpan would you? this was pretty similar, it just took batteries. i won’t say you’re the ah because i think your heart was in the right place and you genuinely thought you were helping her and getting her a good gift. but to everyone else it was a pretty crappy present. nah",YTA,YTA,NTA,ESH,NTA,NTA,YTA,,YTA,NAH,0.7159179777360808,"Classify the interpersonal conflict and explain your choice. Your choices are limited to you're the a**hole (yta) when the writer is causing the conflict, not the a**hole (nta) when someone other than the writer is causing the conflict, no a**holes here (nah) when no one is causing the conflict, everyone sucks here (esh) when everyone is causing the conflict, more information needed (info) when a classification cannot be made with the context provided. Conflict context: this happened last year but since it still gets brought up during arguments every now and then and i just discovered this subreddit i decided to check what you guys think. me and my wife have two children (15f &amp; 11m). my wife is a stay at home mom since the birth of our second child. i (46m) work full time and earn a six figure salary. my job is highly stressful, requires me to travel a lot and mostly sleep in hotels. i only get to come home to my family on every second weekend, on average. despite working a lot, i am glad to do it so that my family can live a comfortable life. last year, i decided to buy my wife a roomba for christmas. my wife tends to be the one who vacuums the house so i presumed that she would like this present as it would free her of this chore. as she unpacked the present, she was heavily offended and did not hesitate to show it, which made the whole situation quite uncomfortable as my parents and other members of the family were also present. she argued that 'this should not be a present directed at her but at the whole family, as it is the entire family’s responsibility to clean up the house'. since i work and am the sole source of income in the family and she is a stay at home mother, i think it is apparent that she should take on responsibilities such as taking care of the kids and maintaining the house. the gift was intended to somewhat relieve her of this burden. i, personally, would have loved to have received a christmas gift that would have somehow made it possible for me to spend less time working. as cheesy as it sounds, i think that time is one of the most precious gifts and that roomba would have definitely bought some time for her - time that she could use to do whatever she pleased instead of vacuuming. unfortunately, one year later, this still often gets brought up during arguments, often coupled with her crying. so, aita in this situation?","<s>[INST] <<SYS>>
Classify the interpersonal conflict and explain your choice. Your choices are limited to you're the a**hole (yta) when the writer is causing the conflict, not the a**hole (nta) when someone other than the writer is causing the conflict, no a**holes here (nah) when no one is causing the conflict, everyone sucks here (esh) when everyone is causing the conflict, more information needed (info) when a classification cannot be made with the context provided.
<</SYS>>

this happened last year but since it still gets brought up during arguments every now and then and i just discovered this subreddit i decided to check what you guys think. me and my wife have two children (15f &amp; 11m). my wife is a stay at home mom since the birth of our second child. i (46m) work full time and earn a six figure salary. my job is highly stressful, requires me to travel a lot and mostly sleep in hotels. i only get to come home to my family on every second weekend, on average. despite working a lot, i am glad to do it so that my family can live a comfortable life. last year, i decided to buy my wife a roomba for christmas. my wife tends to be the one who vacuums the house so i presumed that she would like this present as it would free her of this chore. as she unpacked the present, she was heavily offended and did not hesitate to show it, which made the whole situation quite uncomfortable as my parents and other members of the family were also present. she argued that 'this should not be a present directed at her but at the whole family, as it is the entire family’s responsibility to clean up the house'. since i work and am the sole source of income in the family and she is a stay at home mother, i think it is apparent that she should take on responsibilities such as taking care of the kids and maintaining the house. the gift was intended to somewhat relieve her of this burden. i, personally, would have loved to have received a christmas gift that would have somehow made it possible for me to spend less time working. as cheesy as it sounds, i think that time is one of the most precious gifts and that roomba would have definitely bought some time for her - time that she could use to do whatever she pleased instead of vacuuming. unfortunately, one year later, this still often gets brought up during arguments, often coupled with her crying. so, aita in this situation? [/INST] yta: that’s a gift for the household and not her. it shows you primarily regard her as a housekeeper and not a partner. what interests does she have that are not about serving you and the family? </s>","Arguments suggesting the author was in the wrong:
- yta: that’s a gift for the household and not her. it shows you primarily regard her as a housekeeper and not a partner. what interests does she have that are not about serving you and the family?
- yta. this is a rookie mistake. husband thinks ""wife will appreciate a machine to make her work easier,"" wife thinks ""my husband sees me primarily as a housekeeper and not as a romantic partner.""

if you want to relieve her of this one burden, that's a nice thought, but don't make it a christmas gift, make it a contribution to the welfare of the household. that's what your wife meant when she said ""this should not be a present directed at her but at the whole family.""

Arguments suggesting the author was in the right:
- nta, ffs can we get some adults in this god damn subreddit. 

no one every complains when a woman buys a man a drill or a wrench set for fixing shit around the house.

she's an adult, these are adult gifts. it should definitely be coupled with something personal though, and it sounds like it was. she's being a child.

my wife would be overcome with joy if i eliminated the chore of floor cleaning from our household.
- nta. yikes if this makes you an asshole my mom must hate us cause we (my siblings and i) got her a roomba for christmas a few years ago. we also got her a really nice dyson cordless vacuum for her birthday this year. she uses the vacuum constantly and loves it. the roomba goes around twice a week and gets a ton of dog hair. we also get my father power tools, which i would say is in the same line of gifting.

if you had gifted a nice set of pots and pans would that also be asshole-ish because she uses them to make meals for the whole family? or when people gift a dog but the whole family gets to appreciate him/her? people gift items all the time that more than one person gets to appreciate. a roomba should theoretically give her more time to relax with her children and take some stress off of her while you’re gone. i see no issue with it.","**Arguments why the author is in the wrong:** The Roomba is a household gift, not a personal one. Giving it as a Christmas present suggests the wife is primarily viewed as a housekeeper rather than a romantic partner. Gift-giving should aim to celebrate her as an individual, not her household responsibilities.

**Arguments why the author is in the right:** Practical gifts like tools or household items are common and often appreciated, as they can reduce burdens and free up time. Similar gifts such as vacuums or cookware are viewed positively if they tangibly improve someone’s daily life. The intention of the gift was thoughtful, as it aimed to make her life easier.","**Arguments why the author is in the wrong:** The author framed the Roomba as a gift specifically for their wife, rather than for the family or even as a way to share household responsibilities. By implying that housework is solely her domain, the gift could be seen as reinforcing unbalanced gender roles and undervaluing her emotional needs over practical ones. Choosing a highly functional gift during a festive occasion may have disregarded her desire for something more personal or thoughtful.

**Arguments why the author is in the right:** The author intended the gift to make his wife's life easier by reducing her workload. He perceived the Roomba as a way to free up her time, which aligns with his belief that time is precious. Given his demanding work schedule and decision to financially support the family, he believed the gesture would be appreciated as an effort to relieve one of her daily tasks.","AITA for buying my wife a Roomba for Christmas?this happened last year but since it still gets brought up during arguments every now and then and i just discovered this subreddit i decided to check what you guys think.

me and my wife have two children (15f &amp; 11m). my wife is a stay at home mom since the birth of our second child. i (46m) work full time and earn a six figure salary. my job is highly stressful, requires me to travel a lot and mostly sleep in hotels. i only get to come home to my family on every second weekend, on average. despite working a lot, i am glad to do it so that my family can live a comfortable life.

last year, i decided to buy my wife a roomba for christmas. my wife tends to be the one who vacuums the house so i presumed that she would like this present as it would free her of this chore.

as she unpacked the present, she was heavily offended and did not hesitate to show it, which made the whole situation quite uncomfortable as my parents and other members of the family were also present. she argued that 'this should not be a present directed at her but at the whole family, as it is the entire family’s responsibility to clean up the house'.

since i work and am the sole source of income in the family and she is a stay at home mother, i think it is apparent that she should take on responsibilities such as taking care of the kids and maintaining the house. the gift was intended to somewhat relieve her of this burden. i, personally, would have loved to have received a christmas gift that would have somehow made it possible for me to spend less time working. as cheesy as it sounds, i think that time is one of the most precious gifts and that roomba would have definitely bought some time for her - time that she could use to do whatever she pleased instead of vacuuming. 

unfortunately, one year later, this still often gets brought up during arguments, often coupled with her crying.

so, aita in this situation?<br><br><h4>=============================================<br>Possible arguments against the author's actions:</h4> The Roomba is a household gift, not a personal one. Giving it as a Christmas present suggests the wife is primarily viewed as a housekeeper rather than a romantic partner. Gift-giving should aim to celebrate her as an individual, not her household responsibilities.<br><br><h4>=============================================<br>Possible arguments for the author's actions:</h4> Practical gifts like tools or household items are common and often appreciated, as they can reduce burdens and free up time. Similar gifts such as vacuums or cookware are viewed positively if they tangibly improve someone’s daily life. The intention of the gift was thoughtful, as it aimed to make her life easier.","<b>Read the following message to an AI system. ""AITA"" stands for ""Am I the asshole.""</b><br><br>AITA for buying my wife a Roomba for Christmas?this happened last year but since it still gets brought up during arguments every now and then and i just discovered this subreddit i decided to check what you guys think.

me and my wife have two children (15f &amp; 11m). my wife is a stay at home mom since the birth of our second child. i (46m) work full time and earn a six figure salary. my job is highly stressful, requires me to travel a lot and mostly sleep in hotels. i only get to come home to my family on every second weekend, on average. despite working a lot, i am glad to do it so that my family can live a comfortable life.

last year, i decided to buy my wife a roomba for christmas. my wife tends to be the one who vacuums the house so i presumed that she would like this present as it would free her of this chore.

as she unpacked the present, she was heavily offended and did not hesitate to show it, which made the whole situation quite uncomfortable as my parents and other members of the family were also present. she argued that 'this should not be a present directed at her but at the whole family, as it is the entire family’s responsibility to clean up the house'.

since i work and am the sole source of income in the family and she is a stay at home mother, i think it is apparent that she should take on responsibilities such as taking care of the kids and maintaining the house. the gift was intended to somewhat relieve her of this burden. i, personally, would have loved to have received a christmas gift that would have somehow made it possible for me to spend less time working. as cheesy as it sounds, i think that time is one of the most precious gifts and that roomba would have definitely bought some time for her - time that she could use to do whatever she pleased instead of vacuuming. 

unfortunately, one year later, this still often gets brought up during arguments, often coupled with her crying.

so, aita in this situation?",357,"AITA for buying my wife a Roomba for Christmas?this happened last year but since it still gets brought up during arguments every now and then and i just discovered this subreddit i decided to check what you guys think.

me and my wife have two children (15f &amp; 11m). my wife is a stay at home mom since the birth of our second child. i (46m) work full time and earn a six figure salary. my job is highly stressful, requires me to travel a lot and mostly sleep in hotels. i only get to come home to my family on every second weekend, on average. despite working a lot, i am glad to do it so that my family can live a comfortable life.

last year, i decided to buy my wife a roomba for christmas. my wife tends to be the one who vacuums the house so i presumed that she would like this present as it would free her of this chore.

as she unpacked the present, she was heavily offended and did not hesitate to show it, which made the whole situation quite uncomfortable as my parents and other members of the family were also present. she argued that 'this should not be a present directed at her but at the whole family, as it is the entire family’s responsibility to clean up the house'.

since i work and am the sole source of income in the family and she is a stay at home mother, i think it is apparent that she should take on responsibilities such as taking care of the kids and maintaining the house. the gift was intended to somewhat relieve her of this burden. i, personally, would have loved to have received a christmas gift that would have somehow made it possible for me to spend less time working. as cheesy as it sounds, i think that time is one of the most precious gifts and that roomba would have definitely bought some time for her - time that she could use to do whatever she pleased instead of vacuuming. 

unfortunately, one year later, this still often gets brought up during arguments, often coupled with her crying.

so, aita in this situation?"
12,390,AITA for telling my boyfriend's mother she raised a fucking sociopath who needs to be in a facility.,"so i (f26) have a boyfriend (m24) and recently he got into a dispute with the neighbour's kids. they accidentally kicked their football into our yard and they came into the garden to get it back. tbh, i didnt care but my boyfriend started screaming at these like 11 year ds about how they are poorly raised and their parents should be ashamed. i. was. fucking. mortified. i sent the kids some chocolates and sweets and apologised profusely for his behaviour. 

i was seeing red flags and told him this behaviour was not normal. he kind of brushed me off and i told him if he pulled anything like that again he was gone. 

the next week the ball came into our garden and i was about to throw it back to the kids when my boyfriend stormed outside and took the ball inside. i told the kids that i would bring it back in a minute. he went into the bathroom and emerged like 10 minutes later wearing gloves and a football covered in shit. his own shit. what the fuck.

i asked him if he was out of his fucking mind but he stormed past me and threw it over the fence screaming ""take that you bitches"". i screamed and girl i mean screamed at him about how he was a fucking douche and i wanted him out of my house and he is a disgusting fucking monster and that they were just kids. i screamed and screamed and eventually he left.

i deleted all his games off of his ps4 and gave it to the kids as an apology. i was so embarrassed.

my ex-bf's mom messaged me asking what happened and i responded with

""what happened? what happened? you are a pathetic excuse of a woman who raised a fucking sociopath who covered a football in his own shit and threw it at some kids and he needs to be a in a facility because something is wrong with him and god knows how i hadn't seen any red flags about the fucking monster you raised during the 7 months we dated"".

i know i am in the right for what i did to my bf but am i in the wrong for snapping at the mother for something she had no direct involvement in?",22776,https://www.reddit.com/r/AmItheAsshole/comments/hh1cn3/aita_for_telling_my_boyfriends_mother_she_raised/,2020-06-27 20:56:51,yta for blaming a grown adult's mother for his behaviour.,"yta for sending the message cause i’m sure she would’ve maybe understood how angry you were if you came across nicer. but wow i can’t even imagine being in your position, has he done anything like this before?","esh. your ex is a madman, and yeah, i'm all for dumping his ass and kicking him out of your house. but his ps4 was not yours to give away, and to be honest, while it's possible that the mother did a terrible job raising him, you yelled at her and berated her for stuff her grown-ass adult son did. that's super uncalled for.","i'm sorry to say this, but yta.

i don't actually think you have done anything wrong in this scenario and would count you as the good guy.

but in the absence of knowing any bad information about his mother, what you said to her was not cool. if he is a genuine sociopath then that is brain wiring, not really how he was raised. you haven't given us any reason to believe his behaviour is down to her","yta for lashing out at the mom. yes, a child’s actions can reflect on the parent, but something like mental health can happen with or without amazing parenting. 

i get that it was in the heat of the moment, but i really hope you apologize to her and talk about your ex’s situation to her a bit more thoroughly after.","this feels really fake to be honest... it just doesn't seem real that someone would do this. but yes, yta, to put that kind of blame on a mom you don't know. he could just have mental issues and you could be scaring that mom that potentially tried her best to raise him.","yta

why did you blame her? how do you know she is solely responsible for his behavior? how is she responsible for the behavior of her adult son? mental illness is genetic, that would be her only fault in any of this and you don't even know that it's from her. 

i have a child who is a psychopath. like for real. she's adopted however, so my genes have nothing to do with her mental health issues. she was never abused, neglected and knew she was loved. however, when she turned 15,she told me she thought she was a sociopath. (the difference between a psychopath and a sociopath is big). i chalked it up to teen drama and that i needed to more carefully monitor what she was doing online. upon checking, i found nothing concerning. her behavior wasn't concerning, she was pleasant, funny, very musically and artistically gifted, had friends, etc. she had been a joy to raise. she's autistic, but very high functioning. most people would say she's 'quirky' with 'a unique outlook'. she has a clinically low iq due to prenatal drug exposure, so she gets by with a lot of behaviors that someone with an average iq wouldn't. 

until she wasn't. she started idolizing mass murderers. she began trying to convince me why the ideologies of mao, hitler and stalin were not wrong. why genocide wasn't ""necessarily evil"" and that eugenics should definitely be making comeback. she began hallucinating that these killers were visiting her, giving her advice. i became very alarmed but, in all of their wisdom, mental health providers do not care about the rantings of a 16 year old girl living in an upper middle class family.

she became very dangerous very quickly and unexpectedly. there were no signs. no one ever suggested they were worried about her behavior. not her teachers, guidance counselors, friends, pediatrician - no one. only that she was funny, talented and kind to others - cared very much about their feelings. no concerns of bullying, drugs or anything else. 

one day i came home from work, we teased back &amp; forth about some stinky food she had made for a snack (dill pickle swiss cheese sandwich microwaved. it stunk). we had always had a great relationship. not ""best friends"" but an actual mother/daughter relationship. we talked all the time about different things, i always told her she ""took after me"" with her artistic and musical abilities. it was very ordinary. we rarely if ever argued because she was pretty passive and super absorbed in whatever her current obsession was. 

we had dinner together, talked about some different things she was doing at school, etc. she seemed happy and calm. 

later that evening she abruptly tried to kill me. 

out of nowhere. the house was quiet and calm, we don't have any history of family violence or criminal behavior. my husband and i were getting ready for bed. the next thing we knew, the police were in our home and she was admitted to an emergency mental health facility with ""homicidal &amp; suicidal ideations"".

so yta for assuming a whole lot about someone else then blasting her on the phone about something she had no idea even happened. you actually sound unstable yourself and more than a little creepy giving children who are not related to you candy and expensive toys.",info: is there any context for her being responsible other than her having raised him? he’s a grown man.,yta sometimes kids grow up to be wonderful because of the parents who raised them and sometimes they are serial killers. i wouldn’t have assumed it was her fault and now she has reason to say something similar to your mother.,"what the actual fuck is wrong with everyone here?  nta nta nta.

why is a grown man's mother contacting you to ask why you dumped him?  your reaction was completely justified.",YTA,YTA,ESH,YTA,YTA,YTA,YTA,INFO,YTA,NTA,0.0777175374352533,"Classify the interpersonal conflict and explain your choice. Your choices are limited to you're the a**hole (yta) when the writer is causing the conflict, not the a**hole (nta) when someone other than the writer is causing the conflict, no a**holes here (nah) when no one is causing the conflict, everyone sucks here (esh) when everyone is causing the conflict, more information needed (info) when a classification cannot be made with the context provided. Conflict context: so i (f26) have a boyfriend (m24) and recently he got into a dispute with the neighbour's kids. they accidentally kicked their football into our yard and they came into the garden to get it back. tbh, i didnt care but my boyfriend started screaming at these like 11 year ds about how they are poorly raised and their parents should be ashamed. i. was. fucking. mortified. i sent the kids some chocolates and sweets and apologised profusely for his behaviour. i was seeing red flags and told him this behaviour was not normal. he kind of brushed me off and i told him if he pulled anything like that again he was gone. the next week the ball came into our garden and i was about to throw it back to the kids when my boyfriend stormed outside and took the ball inside. i told the kids that i would bring it back in a minute. he went into the bathroom and emerged like 10 minutes later wearing gloves and a football covered in shit. his own shit. what the fuck. i asked him if he was out of his fucking mind but he stormed past me and threw it over the fence screaming ""take that you bitches"". i screamed and girl i mean screamed at him about how he was a fucking douche and i wanted him out of my house and he is a disgusting fucking monster and that they were just kids. i screamed and screamed and eventually he left. i deleted all his games off of his ps4 and gave it to the kids as an apology. i was so embarrassed. my ex-bf's mom messaged me asking what happened and i responded with ""what happened? what happened? you are a pathetic excuse of a woman who raised a fucking sociopath who covered a football in his own shit and threw it at some kids and he needs to be a in a facility because something is wrong with him and god knows how i hadn't seen any red flags about the fucking monster you raised during the 7 months we dated"". i know i am in the right for what i did to my bf but am i in the wrong for snapping at the mother for something she had no direct involvement in?","<s>[INST] <<SYS>>
Classify the interpersonal conflict and explain your choice. Your choices are limited to you're the a**hole (yta) when the writer is causing the conflict, not the a**hole (nta) when someone other than the writer is causing the conflict, no a**holes here (nah) when no one is causing the conflict, everyone sucks here (esh) when everyone is causing the conflict, more information needed (info) when a classification cannot be made with the context provided.
<</SYS>>

so i (f26) have a boyfriend (m24) and recently he got into a dispute with the neighbour's kids. they accidentally kicked their football into our yard and they came into the garden to get it back. tbh, i didnt care but my boyfriend started screaming at these like 11 year ds about how they are poorly raised and their parents should be ashamed. i. was. fucking. mortified. i sent the kids some chocolates and sweets and apologised profusely for his behaviour. i was seeing red flags and told him this behaviour was not normal. he kind of brushed me off and i told him if he pulled anything like that again he was gone. the next week the ball came into our garden and i was about to throw it back to the kids when my boyfriend stormed outside and took the ball inside. i told the kids that i would bring it back in a minute. he went into the bathroom and emerged like 10 minutes later wearing gloves and a football covered in shit. his own shit. what the fuck. i asked him if he was out of his fucking mind but he stormed past me and threw it over the fence screaming ""take that you bitches"". i screamed and girl i mean screamed at him about how he was a fucking douche and i wanted him out of my house and he is a disgusting fucking monster and that they were just kids. i screamed and screamed and eventually he left. i deleted all his games off of his ps4 and gave it to the kids as an apology. i was so embarrassed. my ex-bf's mom messaged me asking what happened and i responded with ""what happened? what happened? you are a pathetic excuse of a woman who raised a fucking sociopath who covered a football in his own shit and threw it at some kids and he needs to be a in a facility because something is wrong with him and god knows how i hadn't seen any red flags about the fucking monster you raised during the 7 months we dated"". i know i am in the right for what i did to my bf but am i in the wrong for snapping at the mother for something she had no direct involvement in? [/INST] yta for blaming a grown adult's mother for his behaviour. </s>","Arguments suggesting the author was in the wrong:
- yta for blaming a grown adult's mother for his behaviour.
- yta for sending the message cause i’m sure she would’ve maybe understood how angry you were if you came across nicer. but wow i can’t even imagine being in your position, has he done anything like this before?

Arguments suggesting the author was in the right:
- what the actual fuck is wrong with everyone here?  nta nta nta.

why is a grown man's mother contacting you to ask why you dumped him?  your reaction was completely justified.","Arguments why the author is in the wrong: Blaming a grown adult’s mother for his behavior is unfair, as she is not directly responsible. Additionally, the tone of the message was unnecessarily hostile, which may have alienated someone who could have provided more insight or understanding.  

Arguments why the author is in the right: The boyfriend's behavior was egregious and alarming, and the mother’s decision to contact the author about the breakup was inappropriate. The author’s reaction, though harsh, was justified given the bizarre and disturbing conduct they had to endure.","Arguments why the author is in the wrong: The author directed their anger at their ex-boyfriend's mother, who was not directly responsible for her son's actions, and used harsh, personal insults toward her, which can be seen as unnecessarily cruel and unconstructive.

Arguments why the author is in the right: The author expressed justified anger after witnessing deeply inappropriate and disturbing behavior from her ex-boyfriend and his lack of accountability, which could be seen as stemming from poor upbringing and thus partially reflecting on his mother.","AITA for telling my boyfriend's mother she raised a fucking sociopath who needs to be in a facility.so i (f26) have a boyfriend (m24) and recently he got into a dispute with the neighbour's kids. they accidentally kicked their football into our yard and they came into the garden to get it back. tbh, i didnt care but my boyfriend started screaming at these like 11 year ds about how they are poorly raised and their parents should be ashamed. i. was. fucking. mortified. i sent the kids some chocolates and sweets and apologised profusely for his behaviour. 

i was seeing red flags and told him this behaviour was not normal. he kind of brushed me off and i told him if he pulled anything like that again he was gone. 

the next week the ball came into our garden and i was about to throw it back to the kids when my boyfriend stormed outside and took the ball inside. i told the kids that i would bring it back in a minute. he went into the bathroom and emerged like 10 minutes later wearing gloves and a football covered in shit. his own shit. what the fuck.

i asked him if he was out of his fucking mind but he stormed past me and threw it over the fence screaming ""take that you bitches"". i screamed and girl i mean screamed at him about how he was a fucking douche and i wanted him out of my house and he is a disgusting fucking monster and that they were just kids. i screamed and screamed and eventually he left.

i deleted all his games off of his ps4 and gave it to the kids as an apology. i was so embarrassed.

my ex-bf's mom messaged me asking what happened and i responded with

""what happened? what happened? you are a pathetic excuse of a woman who raised a fucking sociopath who covered a football in his own shit and threw it at some kids and he needs to be a in a facility because something is wrong with him and god knows how i hadn't seen any red flags about the fucking monster you raised during the 7 months we dated"".

i know i am in the right for what i did to my bf but am i in the wrong for snapping at the mother for something she had no direct involvement in?<br><br>=============================================<br>Possible arguments against the author's actions: Blaming a grown adult’s mother for his behavior is unfair, as she is not directly responsible. Additionally, the tone of the message was unnecessarily hostile, which may have alienated someone who could have provided more insight or understanding.  <br><br>=============================================<br>Possible arguments for the author's actions: The boyfriend's behavior was egregious and alarming, and the mother’s decision to contact the author about the breakup was inappropriate. The author’s reaction, though harsh, was justified given the bizarre and disturbing conduct they had to endure.","<b>Read the following message to an AI system. ""AITA"" stands for ""Am I the asshole.""</b><br><br>AITA for telling my boyfriend's mother she raised a fucking sociopath who needs to be in a facility.so i (f26) have a boyfriend (m24) and recently he got into a dispute with the neighbour's kids. they accidentally kicked their football into our yard and they came into the garden to get it back. tbh, i didnt care but my boyfriend started screaming at these like 11 year ds about how they are poorly raised and their parents should be ashamed. i. was. fucking. mortified. i sent the kids some chocolates and sweets and apologised profusely for his behaviour. 

i was seeing red flags and told him this behaviour was not normal. he kind of brushed me off and i told him if he pulled anything like that again he was gone. 

the next week the ball came into our garden and i was about to throw it back to the kids when my boyfriend stormed outside and took the ball inside. i told the kids that i would bring it back in a minute. he went into the bathroom and emerged like 10 minutes later wearing gloves and a football covered in shit. his own shit. what the fuck.

i asked him if he was out of his fucking mind but he stormed past me and threw it over the fence screaming ""take that you bitches"". i screamed and girl i mean screamed at him about how he was a fucking douche and i wanted him out of my house and he is a disgusting fucking monster and that they were just kids. i screamed and screamed and eventually he left.

i deleted all his games off of his ps4 and gave it to the kids as an apology. i was so embarrassed.

my ex-bf's mom messaged me asking what happened and i responded with

""what happened? what happened? you are a pathetic excuse of a woman who raised a fucking sociopath who covered a football in his own shit and threw it at some kids and he needs to be a in a facility because something is wrong with him and god knows how i hadn't seen any red flags about the fucking monster you raised during the 7 months we dated"".

i know i am in the right for what i did to my bf but am i in the wrong for snapping at the mother for something she had no direct involvement in?<br><br>",390,"AITA for telling my boyfriend's mother she raised a fucking sociopath who needs to be in a facility.so i (f26) have a boyfriend (m24) and recently he got into a dispute with the neighbour's kids. they accidentally kicked their football into our yard and they came into the garden to get it back. tbh, i didnt care but my boyfriend started screaming at these like 11 year ds about how they are poorly raised and their parents should be ashamed. i. was. fucking. mortified. i sent the kids some chocolates and sweets and apologised profusely for his behaviour. 

i was seeing red flags and told him this behaviour was not normal. he kind of brushed me off and i told him if he pulled anything like that again he was gone. 

the next week the ball came into our garden and i was about to throw it back to the kids when my boyfriend stormed outside and took the ball inside. i told the kids that i would bring it back in a minute. he went into the bathroom and emerged like 10 minutes later wearing gloves and a football covered in shit. his own shit. what the fuck.

i asked him if he was out of his fucking mind but he stormed past me and threw it over the fence screaming ""take that you bitches"". i screamed and girl i mean screamed at him about how he was a fucking douche and i wanted him out of my house and he is a disgusting fucking monster and that they were just kids. i screamed and screamed and eventually he left.

i deleted all his games off of his ps4 and gave it to the kids as an apology. i was so embarrassed.

my ex-bf's mom messaged me asking what happened and i responded with

""what happened? what happened? you are a pathetic excuse of a woman who raised a fucking sociopath who covered a football in his own shit and threw it at some kids and he needs to be a in a facility because something is wrong with him and god knows how i hadn't seen any red flags about the fucking monster you raised during the 7 months we dated"".

i know i am in the right for what i did to my bf but am i in the wrong for snapping at the mother for something she had no direct involvement in?"
13,413,AITA for telling my new co worker it was misleading of him to be wearing his wedding band when he's a widower?,"

hi. a couple of weeks ago we had a new employee hired at the company. he's a good guy and a widower named ""james"" (36) and to my knowledge his late wife passed away 8 months ago. me (f32) and the other coworkers got along well with him. however i noticed that he is still wearing his wedding band on his finger. it kind of confused me a bit and i couldn't help but bring it up with him while on lunch break.


we talked and i pointed out that he was being misleading by still wearing his wedding band when he's a widower. he looked quite bothered by what i said but i tried to explain that i think that he was giving people the wrong idea or impression about his relationship status since he's technically single and on his own right now (don't want to sound cruel but i'm speaking from technical angle).
james said that he didn't give it much thought (meaning he don't care what people think) and that even if he wasn't wearing his wedding band and some woman approached him he'd still turn them down since he's obviously not interested.

for some reason things got awkward and everyone stopped eating and just stared at james and me.
i told him i don't know but that really really felt generally misleading of him as in making people think he is in a relationship (married) when he is not regardless of how he felt about being in a relationship. he got upset, called me rude, and said that i repeatedly disrespected his marriage and his late wife's memory with what i said then took his stuff and walked away. my co workers said regardless of who is right or wrong (though some said he overreacted) there was no reason for me to bring this up on the first place and cause a scene and make james upset with us like that now he's not speaking to me and others who sided with me.


aita? did i overstep or did he overreact?

this was just a conversation we were casually having with the other co workers and i didn't use any insensitive tones or anything but we had a discussion and it suddenly turned into an argument. i tried to let things calm down but the situation got out of my hand unexpectedly.",22457,https://www.reddit.com/r/AmItheAsshole/comments/rq451r/aita_for_telling_my_new_co_worker_it_was/,2021-12-28 02:24:38,"yta. a wedding ring isn’t a sign to others you aren’t available it’s a commitment to a person you love. his wife might be dead but if he’s not ready to move on than he’s still committed to her. 

your confusion about his status isn’t his concern.","yta

""i couldn't help but bring it up""
yes you could. just stop talking.   help it next time. 

""for some reason things got awkward""

the reason is that you're an ah and he doesn't ever want to speak to you again",yta. he’s not going to fuck you,"yta and you most certainly overstepped.  his wife only passed eight months ago, it’s no surprise that he is still wearing his wedding band.  he is not “misleading” anyone and it doesn’t matter what people assume when they see the ring - what matters is that he still wants to wear it.  how he feels about it is the only thing that matters.","omg. how horrible. why is this your business or bother you at all. also, he can wear for her memory. yta","yta.  omg!!! yta!  he is still in a relationship.  he still feels married.  he has only been a widower for **8** months!  

he does not owe anyone information about whether he is single or otherwise.  the point is that he is not available.

for being 32 years old, you haven't learned a lot, have you?  just be quiet. you don't know what you are talking about.  i am embarrassed for you.",yta. you have no right to tell someone how to represent themselves or grieve after losing their partner. you called them out on a “technicality” instead of being a compassionate person. the only one in the wrong here is you.,"yta.

you’re *insanely* rude. to the point where i can’t believe you actually don’t realize that what you said is *extremely* inappropriate.","yta 

his marital status is none of your business and he is still married technically since his wife passed away. they were married and not divorced when she died.

you were grossly overstepping and being very unprofessional. i would report you to hr.

what does his marital status have anything to do with your job and he wasn’t soliciting your advice. he was even polite about your very uncouth behavior.

you are completely wrong. james didn’t overreact and you are lucky that you are not in front of hr explaining your hostile/inappropriate behavior.","obviously yta.

james isn’t single, he’s grieving. stop telling him how to do so. his relationship status is the very definition of none of your business.",YTA,YTA,YTA,YTA,YTA,YTA,YTA,YTA,YTA,YTA,0.0,"Classify the interpersonal conflict and explain your choice. Your choices are limited to you're the a**hole (yta) when the writer is causing the conflict, not the a**hole (nta) when someone other than the writer is causing the conflict, no a**holes here (nah) when no one is causing the conflict, everyone sucks here (esh) when everyone is causing the conflict, more information needed (info) when a classification cannot be made with the context provided. Conflict context:  hi. a couple of weeks ago we had a new employee hired at the company. he's a good guy and a widower named ""james"" (36) and to my knowledge his late wife passed away 8 months ago. me (f32) and the other coworkers got along well with him. however i noticed that he is still wearing his wedding band on his finger. it kind of confused me a bit and i couldn't help but bring it up with him while on lunch break. we talked and i pointed out that he was being misleading by still wearing his wedding band when he's a widower. he looked quite bothered by what i said but i tried to explain that i think that he was giving people the wrong idea or impression about his relationship status since he's technically single and on his own right now (don't want to sound cruel but i'm speaking from technical angle). james said that he didn't give it much thought (meaning he don't care what people think) and that even if he wasn't wearing his wedding band and some woman approached him he'd still turn them down since he's obviously not interested. for some reason things got awkward and everyone stopped eating and just stared at james and me. i told him i don't know but that really really felt generally misleading of him as in making people think he is in a relationship (married) when he is not regardless of how he felt about being in a relationship. he got upset, called me rude, and said that i repeatedly disrespected his marriage and his late wife's memory with what i said then took his stuff and walked away. my co workers said regardless of who is right or wrong (though some said he overreacted) there was no reason for me to bring this up on the first place and cause a scene and make james upset with us like that now he's not speaking to me and others who sided with me. aita? did i overstep or did he overreact? this was just a conversation we were casually having with the other co workers and i didn't use any insensitive tones or anything but we had a discussion and it suddenly turned into an argument. i tried to let things calm down but the situation got out of my hand unexpectedly.","<s>[INST] <<SYS>>
Classify the interpersonal conflict and explain your choice. Your choices are limited to you're the a**hole (yta) when the writer is causing the conflict, not the a**hole (nta) when someone other than the writer is causing the conflict, no a**holes here (nah) when no one is causing the conflict, everyone sucks here (esh) when everyone is causing the conflict, more information needed (info) when a classification cannot be made with the context provided.
<</SYS>>

 hi. a couple of weeks ago we had a new employee hired at the company. he's a good guy and a widower named ""james"" (36) and to my knowledge his late wife passed away 8 months ago. me (f32) and the other coworkers got along well with him. however i noticed that he is still wearing his wedding band on his finger. it kind of confused me a bit and i couldn't help but bring it up with him while on lunch break. we talked and i pointed out that he was being misleading by still wearing his wedding band when he's a widower. he looked quite bothered by what i said but i tried to explain that i think that he was giving people the wrong idea or impression about his relationship status since he's technically single and on his own right now (don't want to sound cruel but i'm speaking from technical angle). james said that he didn't give it much thought (meaning he don't care what people think) and that even if he wasn't wearing his wedding band and some woman approached him he'd still turn them down since he's obviously not interested. for some reason things got awkward and everyone stopped eating and just stared at james and me. i told him i don't know but that really really felt generally misleading of him as in making people think he is in a relationship (married) when he is not regardless of how he felt about being in a relationship. he got upset, called me rude, and said that i repeatedly disrespected his marriage and his late wife's memory with what i said then took his stuff and walked away. my co workers said regardless of who is right or wrong (though some said he overreacted) there was no reason for me to bring this up on the first place and cause a scene and make james upset with us like that now he's not speaking to me and others who sided with me. aita? did i overstep or did he overreact? this was just a conversation we were casually having with the other co workers and i didn't use any insensitive tones or anything but we had a discussion and it suddenly turned into an argument. i tried to let things calm down but the situation got out of my hand unexpectedly. [/INST] yta. a wedding ring isn’t a sign to others you aren’t available it’s a commitment to a person you love. his wife might be dead but if he’s not ready to move on than he’s still committed to her. your confusion about his status isn’t his concern. </s>","Arguments suggesting the author was in the wrong:
- yta. a wedding ring isn’t a sign to others you aren’t available it’s a commitment to a person you love. his wife might be dead but if he’s not ready to move on than he’s still committed to her. 

your confusion about his status isn’t his concern.
- yta

""i couldn't help but bring it up""
yes you could. just stop talking.   help it next time. 

""for some reason things got awkward""

the reason is that you're an ah and he doesn't ever want to speak to you again","Arguments why the author is in the wrong: The author interfered in a deeply personal matter by questioning James' choice to wear his wedding band, which symbolizes his commitment to his late wife. Her actions were unnecessary and disrespectful, particularly given that his relationship status is not her concern. The author's confusion about his status does not justify her comments, and her insistence escalated the situation, which could have been avoided by simply not bringing it up.

Arguments why the author is in the right: There is a possible viewpoint where the author believed she was pointing out potential social misunderstandings regarding James' marital status. She may have had a well-intentioned, though poorly executed, desire to clarify what she perceived as potentially misleading behavior. However, the way it unfolded suggests this perspective is weak.","**Arguments why the author is in the wrong:** The author overstepped by questioning and judging James's personal decision to wear his wedding band, especially given the emotional significance it likely holds for him as a widower. It was insensitive to view it as ""misleading,"" as his choice reflects his feelings about his late wife, not a need to signal his relationship status to others. Additionally, raising this topic publicly during lunch caused unnecessary discomfort and awkwardness for James and the group.

**Arguments why the author is in the right:** The author may feel justified in pointing out the potential for misunderstandings regarding James's marital status, as wearing a wedding band could give the impression he is married. Her intentions appear to be rooted in clarifying perceptions, and she did attempt to discuss the matter casually and without an intentionally insensitive tone.","AITA for telling my new co worker it was misleading of him to be wearing his wedding band when he's a widower?

hi. a couple of weeks ago we had a new employee hired at the company. he's a good guy and a widower named ""james"" (36) and to my knowledge his late wife passed away 8 months ago. me (f32) and the other coworkers got along well with him. however i noticed that he is still wearing his wedding band on his finger. it kind of confused me a bit and i couldn't help but bring it up with him while on lunch break.


we talked and i pointed out that he was being misleading by still wearing his wedding band when he's a widower. he looked quite bothered by what i said but i tried to explain that i think that he was giving people the wrong idea or impression about his relationship status since he's technically single and on his own right now (don't want to sound cruel but i'm speaking from technical angle).
james said that he didn't give it much thought (meaning he don't care what people think) and that even if he wasn't wearing his wedding band and some woman approached him he'd still turn them down since he's obviously not interested.

for some reason things got awkward and everyone stopped eating and just stared at james and me.
i told him i don't know but that really really felt generally misleading of him as in making people think he is in a relationship (married) when he is not regardless of how he felt about being in a relationship. he got upset, called me rude, and said that i repeatedly disrespected his marriage and his late wife's memory with what i said then took his stuff and walked away. my co workers said regardless of who is right or wrong (though some said he overreacted) there was no reason for me to bring this up on the first place and cause a scene and make james upset with us like that now he's not speaking to me and others who sided with me.


aita? did i overstep or did he overreact?

this was just a conversation we were casually having with the other co workers and i didn't use any insensitive tones or anything but we had a discussion and it suddenly turned into an argument. i tried to let things calm down but the situation got out of my hand unexpectedly.<br><br>=============================================<br>Possible arguments against the author's actions: The author interfered in a deeply personal matter by questioning James' choice to wear his wedding band, which symbolizes his commitment to his late wife. Her actions were unnecessary and disrespectful, particularly given that his relationship status is not her concern. The author's confusion about his status does not justify her comments, and her insistence escalated the situation, which could have been avoided by simply not bringing it up.<br><br>=============================================<br>Possible arguments for the author's actions: There is a possible viewpoint where the author believed she was pointing out potential social misunderstandings regarding James' marital status. She may have had a well-intentioned, though poorly executed, desire to clarify what she perceived as potentially misleading behavior. However, the way it unfolded suggests this perspective is weak.","<b>Read the following message to an AI system. ""AITA"" stands for ""Am I the asshole.""</b><br><br>AITA for telling my new co worker it was misleading of him to be wearing his wedding band when he's a widower?

hi. a couple of weeks ago we had a new employee hired at the company. he's a good guy and a widower named ""james"" (36) and to my knowledge his late wife passed away 8 months ago. me (f32) and the other coworkers got along well with him. however i noticed that he is still wearing his wedding band on his finger. it kind of confused me a bit and i couldn't help but bring it up with him while on lunch break.


we talked and i pointed out that he was being misleading by still wearing his wedding band when he's a widower. he looked quite bothered by what i said but i tried to explain that i think that he was giving people the wrong idea or impression about his relationship status since he's technically single and on his own right now (don't want to sound cruel but i'm speaking from technical angle).
james said that he didn't give it much thought (meaning he don't care what people think) and that even if he wasn't wearing his wedding band and some woman approached him he'd still turn them down since he's obviously not interested.

for some reason things got awkward and everyone stopped eating and just stared at james and me.
i told him i don't know but that really really felt generally misleading of him as in making people think he is in a relationship (married) when he is not regardless of how he felt about being in a relationship. he got upset, called me rude, and said that i repeatedly disrespected his marriage and his late wife's memory with what i said then took his stuff and walked away. my co workers said regardless of who is right or wrong (though some said he overreacted) there was no reason for me to bring this up on the first place and cause a scene and make james upset with us like that now he's not speaking to me and others who sided with me.


aita? did i overstep or did he overreact?

this was just a conversation we were casually having with the other co workers and i didn't use any insensitive tones or anything but we had a discussion and it suddenly turned into an argument. i tried to let things calm down but the situation got out of my hand unexpectedly.<br><br>",413,"AITA for telling my new co worker it was misleading of him to be wearing his wedding band when he's a widower?

hi. a couple of weeks ago we had a new employee hired at the company. he's a good guy and a widower named ""james"" (36) and to my knowledge his late wife passed away 8 months ago. me (f32) and the other coworkers got along well with him. however i noticed that he is still wearing his wedding band on his finger. it kind of confused me a bit and i couldn't help but bring it up with him while on lunch break.


we talked and i pointed out that he was being misleading by still wearing his wedding band when he's a widower. he looked quite bothered by what i said but i tried to explain that i think that he was giving people the wrong idea or impression about his relationship status since he's technically single and on his own right now (don't want to sound cruel but i'm speaking from technical angle).
james said that he didn't give it much thought (meaning he don't care what people think) and that even if he wasn't wearing his wedding band and some woman approached him he'd still turn them down since he's obviously not interested.

for some reason things got awkward and everyone stopped eating and just stared at james and me.
i told him i don't know but that really really felt generally misleading of him as in making people think he is in a relationship (married) when he is not regardless of how he felt about being in a relationship. he got upset, called me rude, and said that i repeatedly disrespected his marriage and his late wife's memory with what i said then took his stuff and walked away. my co workers said regardless of who is right or wrong (though some said he overreacted) there was no reason for me to bring this up on the first place and cause a scene and make james upset with us like that now he's not speaking to me and others who sided with me.


aita? did i overstep or did he overreact?

this was just a conversation we were casually having with the other co workers and i didn't use any insensitive tones or anything but we had a discussion and it suddenly turned into an argument. i tried to let things calm down but the situation got out of my hand unexpectedly."
14,443,AITA for inviting my (29M) Girlfriend (28F) on an expensive vacation and expecting her to pay all of her share? (I make a lot more than her),"hello. my girlfriend, myself, my parents, and my brother and his wife all went on vacation in another country a week ago. my brother and i were the ones who did most of the planning of the itinerary although we did ask everyone else for input. for background, i make around $150,000k as an it consultant, my girlfriend is a teacher making $45,000k. my parents are pretty affluent as well as my brother and sister in law.

my girlfriend knew this trip was coming up and took on a second job waitressing on the weekends for several months to get ready for it. we have always split things 50/50 in the 2 years we have been together. there were a few times on the vacation when she did not go on outings with us- wine tasting/scuba diving/etc. she also would only eat 2 meals a day, simply stating that she was on a budget. my family does favor more high-end (\*expensive\*) places. my parents thought it was very strange that she only eats 2 meals a day although normally she eats 3. 

when we got home i asked her why she skipped out on several of the outings and only ate 2 meals a day- i mentioned how i heard her stomach growling one night and said i was concerned about her having an eating disorder. she got teary eyed and said that 3 meals a day wasn't fiscally feasible for her and neither were the outings that she chose not to go on (she went on 3 of 6 outings). she said she was not expecting everything to cost so much and she was overwhelmed. 

she also said she doesn't know if this is going to work long term if she is expected to go on vacations like that with people who make so much more than her. i feel bad that i did not pick up on her discomfort sooner. but we did agree to split everything 50/50 and i don't know why she agreed to come if the cost was an issue.",21988,https://www.reddit.com/r/AmItheAsshole/comments/o94ms2/aita_for_inviting_my_29m_girlfriend_28f_on_an/,2021-06-27 20:11:29,"yta. 

you make three times what she does. you knew she had to take a second job to be able to go. you planned the holiday/the activities. she even said while you were there that she could only afford to eat two meals a day. 

don’t plan for your budget when you know she makes so much less than you. 

i think it’s safe to say she didn’t enjoy the holiday at all. she probably found it stressful to work out what she could afford, and embarrassing to have to skip meals.","yta  dude come on, your gf had to take a second job to keep up with your family. you heard her stomach yt you didn't think she may not have the cash? god, your not the brightest are you. you make over 100,000 more than her and don't even treat her to a holiday. ya it's not going to work. your blind to your gfs struggling. help her",yta 100%. she went because she loves your stupid ass. she worked a second job and went hungry to be with you and your family. maybe you and your family should have some empathy and consider that not everyone is making six figures. teachers are drastically underpaid for their education and often have to take a second job.  public servants who teach children are devalued and in this case her own boyfriend and his family couldn’t care less that she was making huge sacrifices to attend. your job is to be a good partner. you failed.,"yta and other commenters have done a good job of explaining why so i'm just going to respond to you ""i don't know why she agreed to come"" line.

uh... because you're her boyfriend and she wants a life with you rather than two separate lives due to your income disparity? 

she's right. this is never going to work long term if you can't either a.) partially pay for her or b.) reduce the cost of the things you do so that she can afford to pay her portion. where exactly do you see this going otherwise?

this girl worked two jobs and ate 2 meals a day to spend a vacation with you and your family and all you can say is ""well she just should have stayed home""?","forget being yta , you made your girl work an extra job and left her starving in her room alone.... as her bf you didn’t once feel the need to take care of her?  you literally left your women hungry and alone .... who does that to the person they love. i hope she leaves your ass","yta. it's pretty disgusting that she is willing to jump through all these hoops, miss meals, skip events, put herself in debt, all to spend time with you. but you with all your wealth aren't willing to even buy her lunch. sometimes being part of a relationship means giving up something you have to show how special the other person is to you. it sounds to me like you would be totally ok with her telling you up front that she will not go on the vacation because she can't afford it. meaning you would still go and leave her behind. that's not a real relationship. the right thing to do would have been to offer to help pay the moment you found out she planned to get a second job just to spend extra time with you. you don't love or care about her which is the bottom line. the more a man loves a woman the more of him he wants to give to her.","wow yta you sound like a pompous ass. to be fair she should have just stayed home because she could not afford to pay for a vacation you and your brother planned without any consideration for her finacial situation. don't worry,  i suspect she'll be your ex-girlfriend soon.

""my family does favor more high-end (*expensive*) places. my parents thought it was very strange that she only eats 2 meals a day although normally she eats 3. "" 

are you obtuse?  you don't make reservations where someone on the trip can not afford. as i said, she'll be well rid of you shortly and you will be a someone she and her friends joke about when they play ""can you top this jerk i dated"".","**your incomes are not 50/50, so why do you expect your financial contributions to be that way?**
she’s trying her best to participate with you all on gatherings and trips, even taking on extra work to help pay for it. i don’t get it. you could easily pay her way, and it’d be no skin off your teeth. 
yta and soon to be single.","yta - you saw her skipping meals and at no point said ""it's okay, this one's on me.""

you let her take on a second job when it's something you invited her to, not that she was asking you to spoil her. if you guys are doing 50/50 it would make a lot more sense that you at least pay 3x as much as her to account for what portion of your pay it takes up.

it's probably embarrassing for her to admit this is all expensive, but also seriously- man up and just pay. i would have dumped you after thr first such outing if i were her.","yta.   you know she really had no idea how much things were going to cost.  she makes $45k a year she hasn’t been living the highlife in another country.  i can’t imagine going on a vacation with my so, someone i care about (do you?), then all jaunting off for expeditions and leaving her alone for 1/2 the time. then taking her to restaurants you know she can’t afford . and watching her starve herself to be able to go the other 2 times…? surely you are making this up.   you can’t be this clueless at age 29.   

i think this is so fake but here’s your judgement",YTA,YTA,YTA,YTA,YTA,YTA,YTA,YTA,YTA,YTA,0.0,"Classify the interpersonal conflict and explain your choice. Your choices are limited to you're the a**hole (yta) when the writer is causing the conflict, not the a**hole (nta) when someone other than the writer is causing the conflict, no a**holes here (nah) when no one is causing the conflict, everyone sucks here (esh) when everyone is causing the conflict, more information needed (info) when a classification cannot be made with the context provided. Conflict context: hello. my girlfriend, myself, my parents, and my brother and his wife all went on vacation in another country a week ago. my brother and i were the ones who did most of the planning of the itinerary although we did ask everyone else for input. for background, i make around $150,000k as an it consultant, my girlfriend is a teacher making $45,000k. my parents are pretty affluent as well as my brother and sister in law. my girlfriend knew this trip was coming up and took on a second job waitressing on the weekends for several months to get ready for it. we have always split things 50/50 in the 2 years we have been together. there were a few times on the vacation when she did not go on outings with us- wine tasting/scuba diving/etc. she also would only eat 2 meals a day, simply stating that she was on a budget. my family does favor more high-end (\*expensive\*) places. my parents thought it was very strange that she only eats 2 meals a day although normally she eats 3. when we got home i asked her why she skipped out on several of the outings and only ate 2 meals a day- i mentioned how i heard her stomach growling one night and said i was concerned about her having an eating disorder. she got teary eyed and said that 3 meals a day wasn't fiscally feasible for her and neither were the outings that she chose not to go on (she went on 3 of 6 outings). she said she was not expecting everything to cost so much and she was overwhelmed. she also said she doesn't know if this is going to work long term if she is expected to go on vacations like that with people who make so much more than her. i feel bad that i did not pick up on her discomfort sooner. but we did agree to split everything 50/50 and i don't know why she agreed to come if the cost was an issue.","<s>[INST] <<SYS>>
Classify the interpersonal conflict and explain your choice. Your choices are limited to you're the a**hole (yta) when the writer is causing the conflict, not the a**hole (nta) when someone other than the writer is causing the conflict, no a**holes here (nah) when no one is causing the conflict, everyone sucks here (esh) when everyone is causing the conflict, more information needed (info) when a classification cannot be made with the context provided.
<</SYS>>

hello. my girlfriend, myself, my parents, and my brother and his wife all went on vacation in another country a week ago. my brother and i were the ones who did most of the planning of the itinerary although we did ask everyone else for input. for background, i make around $150,000k as an it consultant, my girlfriend is a teacher making $45,000k. my parents are pretty affluent as well as my brother and sister in law. my girlfriend knew this trip was coming up and took on a second job waitressing on the weekends for several months to get ready for it. we have always split things 50/50 in the 2 years we have been together. there were a few times on the vacation when she did not go on outings with us- wine tasting/scuba diving/etc. she also would only eat 2 meals a day, simply stating that she was on a budget. my family does favor more high-end (\*expensive\*) places. my parents thought it was very strange that she only eats 2 meals a day although normally she eats 3. when we got home i asked her why she skipped out on several of the outings and only ate 2 meals a day- i mentioned how i heard her stomach growling one night and said i was concerned about her having an eating disorder. she got teary eyed and said that 3 meals a day wasn't fiscally feasible for her and neither were the outings that she chose not to go on (she went on 3 of 6 outings). she said she was not expecting everything to cost so much and she was overwhelmed. she also said she doesn't know if this is going to work long term if she is expected to go on vacations like that with people who make so much more than her. i feel bad that i did not pick up on her discomfort sooner. but we did agree to split everything 50/50 and i don't know why she agreed to come if the cost was an issue. [/INST] yta. you make three times what she does. you knew she had to take a second job to be able to go. you planned the holiday/the activities. she even said while you were there that she could only afford to eat two meals a day. don’t plan for your budget when you know she makes so much less than you. i think it’s safe to say she didn’t enjoy the holiday at all. she probably found it stressful to work out what she could afford, and embarrassing to have to skip meals. </s>","Arguments suggesting the author was in the wrong:
- yta. 

you make three times what she does. you knew she had to take a second job to be able to go. you planned the holiday/the activities. she even said while you were there that she could only afford to eat two meals a day. 

don’t plan for your budget when you know she makes so much less than you. 

i think it’s safe to say she didn’t enjoy the holiday at all. she probably found it stressful to work out what she could afford, and embarrassing to have to skip meals.
- yta  dude come on, your gf had to take a second job to keep up with your family. you heard her stomach yt you didn't think she may not have the cash? god, your not the brightest are you. you make over 100,000 more than her and don't even treat her to a holiday. ya it's not going to work. your blind to your gfs struggling. help her","**Arguments why the author is in the wrong:** The author earns significantly more than his girlfriend but still expected her to split the costs equally, despite knowing her financial constraints, such as taking on a second job. He planned high-cost activities and venues aligned with his family's affluence, without accommodating her budget or comfort. This created stress and embarrassment for her, exemplified by her cutting meals and skipping outings, which he failed to notice or address until after the trip.

**Arguments why the author is in the right:** The couple had previously agreed to split expenses 50/50, and the girlfriend accepted the invitation despite being aware of the anticipated costs. While the author could have been more empathetic, the girlfriend chose to join a vacation she knew might be financially challenging instead of voicing concerns beforehand.","**Arguments why the author is in the wrong:** The author failed to account for the significant income disparity between himself and his girlfriend, inviting her on a vacation planned around his family's affluent lifestyle without offering to adjust financial expectations. He didn’t recognize or address the stress and sacrifices she made to participate, which led to her skipping meals and outings due to financial strain.

**Arguments why the author is in the right:** The couple had an established agreement to split expenses 50/50, and the girlfriend agreed to the trip knowing the costs and expectations involved. It was reasonable for the author to assume she had budgeted accordingly since she chose to attend.","AITA for inviting my (29M) Girlfriend (28F) on an expensive vacation and expecting her to pay all of her share? (I make a lot more than her)hello. my girlfriend, myself, my parents, and my brother and his wife all went on vacation in another country a week ago. my brother and i were the ones who did most of the planning of the itinerary although we did ask everyone else for input. for background, i make around $150,000k as an it consultant, my girlfriend is a teacher making $45,000k. my parents are pretty affluent as well as my brother and sister in law.

my girlfriend knew this trip was coming up and took on a second job waitressing on the weekends for several months to get ready for it. we have always split things 50/50 in the 2 years we have been together. there were a few times on the vacation when she did not go on outings with us- wine tasting/scuba diving/etc. she also would only eat 2 meals a day, simply stating that she was on a budget. my family does favor more high-end (\*expensive\*) places. my parents thought it was very strange that she only eats 2 meals a day although normally she eats 3. 

when we got home i asked her why she skipped out on several of the outings and only ate 2 meals a day- i mentioned how i heard her stomach growling one night and said i was concerned about her having an eating disorder. she got teary eyed and said that 3 meals a day wasn't fiscally feasible for her and neither were the outings that she chose not to go on (she went on 3 of 6 outings). she said she was not expecting everything to cost so much and she was overwhelmed. 

she also said she doesn't know if this is going to work long term if she is expected to go on vacations like that with people who make so much more than her. i feel bad that i did not pick up on her discomfort sooner. but we did agree to split everything 50/50 and i don't know why she agreed to come if the cost was an issue.<br><br><h4>=============================================<br>Possible arguments against the author's actions:</h4> The author earns significantly more than his girlfriend but still expected her to split the costs equally, despite knowing her financial constraints, such as taking on a second job. He planned high-cost activities and venues aligned with his family's affluence, without accommodating her budget or comfort. This created stress and embarrassment for her, exemplified by her cutting meals and skipping outings, which he failed to notice or address until after the trip.<br><br><h4>=============================================<br>Possible arguments for the author's actions:</h4> The couple had previously agreed to split expenses 50/50, and the girlfriend accepted the invitation despite being aware of the anticipated costs. While the author could have been more empathetic, the girlfriend chose to join a vacation she knew might be financially challenging instead of voicing concerns beforehand.","<b>Read the following message to an AI system. ""AITA"" stands for ""Am I the asshole.""</b><br><br>AITA for inviting my (29M) Girlfriend (28F) on an expensive vacation and expecting her to pay all of her share? (I make a lot more than her)hello. my girlfriend, myself, my parents, and my brother and his wife all went on vacation in another country a week ago. my brother and i were the ones who did most of the planning of the itinerary although we did ask everyone else for input. for background, i make around $150,000k as an it consultant, my girlfriend is a teacher making $45,000k. my parents are pretty affluent as well as my brother and sister in law.

my girlfriend knew this trip was coming up and took on a second job waitressing on the weekends for several months to get ready for it. we have always split things 50/50 in the 2 years we have been together. there were a few times on the vacation when she did not go on outings with us- wine tasting/scuba diving/etc. she also would only eat 2 meals a day, simply stating that she was on a budget. my family does favor more high-end (\*expensive\*) places. my parents thought it was very strange that she only eats 2 meals a day although normally she eats 3. 

when we got home i asked her why she skipped out on several of the outings and only ate 2 meals a day- i mentioned how i heard her stomach growling one night and said i was concerned about her having an eating disorder. she got teary eyed and said that 3 meals a day wasn't fiscally feasible for her and neither were the outings that she chose not to go on (she went on 3 of 6 outings). she said she was not expecting everything to cost so much and she was overwhelmed. 

she also said she doesn't know if this is going to work long term if she is expected to go on vacations like that with people who make so much more than her. i feel bad that i did not pick up on her discomfort sooner. but we did agree to split everything 50/50 and i don't know why she agreed to come if the cost was an issue.",443,"AITA for inviting my (29M) Girlfriend (28F) on an expensive vacation and expecting her to pay all of her share? (I make a lot more than her)hello. my girlfriend, myself, my parents, and my brother and his wife all went on vacation in another country a week ago. my brother and i were the ones who did most of the planning of the itinerary although we did ask everyone else for input. for background, i make around $150,000k as an it consultant, my girlfriend is a teacher making $45,000k. my parents are pretty affluent as well as my brother and sister in law.

my girlfriend knew this trip was coming up and took on a second job waitressing on the weekends for several months to get ready for it. we have always split things 50/50 in the 2 years we have been together. there were a few times on the vacation when she did not go on outings with us- wine tasting/scuba diving/etc. she also would only eat 2 meals a day, simply stating that she was on a budget. my family does favor more high-end (\*expensive\*) places. my parents thought it was very strange that she only eats 2 meals a day although normally she eats 3. 

when we got home i asked her why she skipped out on several of the outings and only ate 2 meals a day- i mentioned how i heard her stomach growling one night and said i was concerned about her having an eating disorder. she got teary eyed and said that 3 meals a day wasn't fiscally feasible for her and neither were the outings that she chose not to go on (she went on 3 of 6 outings). she said she was not expecting everything to cost so much and she was overwhelmed. 

she also said she doesn't know if this is going to work long term if she is expected to go on vacations like that with people who make so much more than her. i feel bad that i did not pick up on her discomfort sooner. but we did agree to split everything 50/50 and i don't know why she agreed to come if the cost was an issue."
15,452,AITA for eating my cupcake outside?,"i have a 10 years old daughter who loves frosting. every week i buy cupcakes for me, my wife and her and she always eats my frosting. these past few weeks i decided to eat my cupcake before going inside. she asked me where my cupcake is and i told her i don't like cupcakes anymore so i only bought two. it worked for a while but last night when i was enjoying my cupcake before going inside she caught me and ran to her mom to tell her how much of a terrible dad i am to ""steal her frostings for weeks""

she is sulking and my wife thinks i'm the ah and i'm acting childish and should just let her have it but it's easy for her to say when she has never given up her frosting. aita?",21885,https://www.reddit.com/r/AmItheAsshole/comments/wxdgj8/aita_for_eating_my_cupcake_outside/,2022-08-25 12:52:05,"yta 

not for eating your cupcake outside really 

but because you have failed to teach your child that she can’t always get what she wants or that she isn’t entitled to your frosting.  that is your cupcake - frosting and all. she has her own and that’s all she’s allowed to have.",you can teach her the word no. at 10 she should be able to understand it.,"info: have you ever heard of the word ""no""?","yta for not teaching your daugheter that she doesn't always get what she wants and demands.

\&gt;she caught me and ran to her mom to tell her how much of a terrible dad i am to ""steal her frostings for weeks""

just stop this. your daughter is a spoiled brat and your wife is a brat and you need to learn to adult.

you daughter. you made this. yta. you created this sh show","esh (i.e.you and your wife). if you don't want to give your daughter the frosting, don't give her the frosting. your daughter can't have everything she wants; she can just have her own portion and no more. it's an important lesson to learn. 

the fact that you ate your cupcake outside instead of discussing that, from now on, you want to have your frosting, is an ah move. you sound very non-confrontational, to the point that you'd rather lie than enter into a small conflict. that's disrespectful towards your family.","nta. steal her frosting? what????

question does she eat your wife's frosting off her cupcake?","esh. tell her no and ignore her whining instead of lying and trying to hide. your wife should be on your side too, not giving in to a child's silly demands. 10 is more than old enough to understand the concept of not always getting what you want.","esh. your daughter is a little old to be doing this, frankly.","nta, she’s 10 not 2. she is old enough to understand that her food is hers and your food is yours. 

start setting these boundaries or you are going to have some major issues with her when she’s a spoilt teenager.",wtf. i guess yta for not just telling your daughter no. learn to parent.,YTA,,INFO,YTA,ESH,NTA,ESH,ESH,NTA,YTA,0.3909352963282262,"Classify the interpersonal conflict and explain your choice. Your choices are limited to you're the a**hole (yta) when the writer is causing the conflict, not the a**hole (nta) when someone other than the writer is causing the conflict, no a**holes here (nah) when no one is causing the conflict, everyone sucks here (esh) when everyone is causing the conflict, more information needed (info) when a classification cannot be made with the context provided. Conflict context: i have a 10 years old daughter who loves frosting. every week i buy cupcakes for me, my wife and her and she always eats my frosting. these past few weeks i decided to eat my cupcake before going inside. she asked me where my cupcake is and i told her i don't like cupcakes anymore so i only bought two. it worked for a while but last night when i was enjoying my cupcake before going inside she caught me and ran to her mom to tell her how much of a terrible dad i am to ""steal her frostings for weeks"" she is sulking and my wife thinks i'm the ah and i'm acting childish and should just let her have it but it's easy for her to say when she has never given up her frosting. aita?","<s>[INST] <<SYS>>
Classify the interpersonal conflict and explain your choice. Your choices are limited to you're the a**hole (yta) when the writer is causing the conflict, not the a**hole (nta) when someone other than the writer is causing the conflict, no a**holes here (nah) when no one is causing the conflict, everyone sucks here (esh) when everyone is causing the conflict, more information needed (info) when a classification cannot be made with the context provided.
<</SYS>>

i have a 10 years old daughter who loves frosting. every week i buy cupcakes for me, my wife and her and she always eats my frosting. these past few weeks i decided to eat my cupcake before going inside. she asked me where my cupcake is and i told her i don't like cupcakes anymore so i only bought two. it worked for a while but last night when i was enjoying my cupcake before going inside she caught me and ran to her mom to tell her how much of a terrible dad i am to ""steal her frostings for weeks"" she is sulking and my wife thinks i'm the ah and i'm acting childish and should just let her have it but it's easy for her to say when she has never given up her frosting. aita? [/INST] yta not for eating your cupcake outside really but because you have failed to teach your child that she can’t always get what she wants or that she isn’t entitled to your frosting. that is your cupcake - frosting and all. she has her own and that’s all she’s allowed to have. </s>","Arguments suggesting the author was in the wrong:
- yta 

not for eating your cupcake outside really 

but because you have failed to teach your child that she can’t always get what she wants or that she isn’t entitled to your frosting.  that is your cupcake - frosting and all. she has her own and that’s all she’s allowed to have.
- yta for not teaching your daugheter that she doesn't always get what she wants and demands.

\&gt;she caught me and ran to her mom to tell her how much of a terrible dad i am to ""steal her frostings for weeks""

just stop this. your daughter is a spoiled brat and your wife is a brat and you need to learn to adult.

you daughter. you made this. yta. you created this sh show

Arguments suggesting the author was in the right:
- nta. steal her frosting? what????

question does she eat your wife's frosting off her cupcake?
- nta, she’s 10 not 2. she is old enough to understand that her food is hers and your food is yours. 

start setting these boundaries or you are going to have some major issues with her when she’s a spoilt teenager.","**Arguments why the author is in the wrong**: The author is at fault for not teaching their daughter boundaries or that she cannot always get what she wants. This failure has contributed to her entitlement over the author’s cupcake frosting, leading to her reaction. Additionally, the situation reveals issues in parenting where the responsibility lies with the author to address the daughter's spoiled behavior.

**Arguments why the author is in the right**: The author is justified in wanting to enjoy their own cupcake in peace without their daughter taking the frosting, which belongs to the author. At 10 years old, the daughter is old enough to understand boundaries and that food ownership applies to everyone equally, not just her. Setting these boundaries is reasonable and important for her development.","**Arguments why the author is in the wrong:** Lying to their daughter about the cupcakes and eating outside instead of addressing the frosting issue directly may be perceived as unfair and deceptive, and their behavior could be considered immature rather than resolving the problem in a constructive way.

**Arguments why the author is in the right:** They reasonably wanted to enjoy their own cupcake and frosting without it being taken every time, and sought a conflict-avoidant solution that allowed them to enjoy their treat without openly denying their daughter.","AITA for eating my cupcake outside?i have a 10 years old daughter who loves frosting. every week i buy cupcakes for me, my wife and her and she always eats my frosting. these past few weeks i decided to eat my cupcake before going inside. she asked me where my cupcake is and i told her i don't like cupcakes anymore so i only bought two. it worked for a while but last night when i was enjoying my cupcake before going inside she caught me and ran to her mom to tell her how much of a terrible dad i am to ""steal her frostings for weeks""

she is sulking and my wife thinks i'm the ah and i'm acting childish and should just let her have it but it's easy for her to say when she has never given up her frosting. aita?<br><br>**=============================================<br>Possible arguments against the author's actions**: The author is at fault for not teaching their daughter boundaries or that she cannot always get what she wants. This failure has contributed to her entitlement over the author’s cupcake frosting, leading to her reaction. Additionally, the situation reveals issues in parenting where the responsibility lies with the author to address the daughter's spoiled behavior.<br><br>**=============================================<br>Possible arguments for the author's actions**: The author is justified in wanting to enjoy their own cupcake in peace without their daughter taking the frosting, which belongs to the author. At 10 years old, the daughter is old enough to understand boundaries and that food ownership applies to everyone equally, not just her. Setting these boundaries is reasonable and important for her development.","<b>Read the following message to an AI system. ""AITA"" stands for ""Am I the asshole.""</b><br><br>AITA for eating my cupcake outside?i have a 10 years old daughter who loves frosting. every week i buy cupcakes for me, my wife and her and she always eats my frosting. these past few weeks i decided to eat my cupcake before going inside. she asked me where my cupcake is and i told her i don't like cupcakes anymore so i only bought two. it worked for a while but last night when i was enjoying my cupcake before going inside she caught me and ran to her mom to tell her how much of a terrible dad i am to ""steal her frostings for weeks""

she is sulking and my wife thinks i'm the ah and i'm acting childish and should just let her have it but it's easy for her to say when she has never given up her frosting. aita?<br><br>**",452,"AITA for eating my cupcake outside?i have a 10 years old daughter who loves frosting. every week i buy cupcakes for me, my wife and her and she always eats my frosting. these past few weeks i decided to eat my cupcake before going inside. she asked me where my cupcake is and i told her i don't like cupcakes anymore so i only bought two. it worked for a while but last night when i was enjoying my cupcake before going inside she caught me and ran to her mom to tell her how much of a terrible dad i am to ""steal her frostings for weeks""

she is sulking and my wife thinks i'm the ah and i'm acting childish and should just let her have it but it's easy for her to say when she has never given up her frosting. aita?"
16,475,AITA for sleeping over at my gfs 4 nights a week making her roommate uncomfortable and causing her to flip out?,"let me preface this by saying that i (24m) and my gf (32f) who we'll call liv, have been seeing each other for close to a year now. i've been living in a shared house with 8 blokes in a small 2x2m room that barely accommodates a single bed. this is the sole reason why she doesn't sleep at mine. i'm saving a lot on rent living here even though the living conditions are poor.

now, i've been staying at my gfs house 4 nights a week for the past few months. her beds bigger for starters and i cant cook at home because it's always congested, so liv and i cook a meal twice a week at hers. she has a roommate who we'll call (bianca) that she's known for quite a few years and they get along fine. i've tried my best to get to know bianca but it's not reciprocated and i can feel the awkward tension between us a mile away. she's never asked a question about what i do for work, or anything of the like, and typically responds with one word answers.

liv told me that bianca feels very uncomfortable living with me. i hate being the cause of her discomfort. whenever i'm at livs house, i don't use the living room and go straight to livs room whenever i arrive (usually late after work). besides cooking with liv, i'm usually mindful of my time spent in the bathroom.

here's where liv and i may have screwed up. we were taking a shower together and took a bit longer than usual (20-30mins). all of a sudden bianca comes out of the room and slams the front door shut and sends liv an angry text about taking too long and that she needed to use the bathroom and that she's selfish etc. 
we both put ourselves in her situation and said we would've knocked on the bathroom door to ask us to hurry up if we were busting, but she's a bit more timid than we are.

their relationships gone down the gutters since i came along and i can't help but feel responsible. 

on an end note, liv and i want to move in together within a few more months after her lease finishes, but for now we're stuck in this predicament.

my mates telling me i'm an asshole for staying over 4 days a week rent free and i should respect the roommates boundaries and not see her as frequently. but i see it as the next step before moving in together, that i'm only there at night and it's normal for couples to see each other more frequently before they move in. so aita?",21619,https://www.reddit.com/r/AmItheAsshole/comments/cpa8mv/aita_for_sleeping_over_at_my_gfs_4_nights_a_week/,2019-08-12 09:54:17,"yta, you've been there for most of the week for the last few months?? you're a third roommate who doesn't pay rent and she never agreed to it.","yta - you are obviously not visiting, you are living there. and if a couple locks themselves in the bathroom with the shower running for half an hour i wouldn’t start knocking and risk interrupting them bonking. you are definitely making a person feel uncomfortable in their own home and you know it. you and your gf need to rent something together and let bianca get a new roommate, hopefully a grownup this time.","yta. having been the roommate in this situation, i know from experience how badly it sucks. you always feel like you're in the way of ""the couple"" and you don't feel comfortable in your own home. taking over the bathroom to have sex in the shower is just one of many, many problems the roommate is forced to deal with--despite the fact that *she's* the one paying rent.","yta

you apparently ""hate being the cause of her discomfort"" yet continue to essentially mooch off these people while paying no rent. imagine you actually had a decent place and paid rent and someone decided to simply spend all their time at your place using the excuse that their own place is shit?

get a better place, move in with liv (or not) and quit being a leech.","to be honest, yta. as your mates have already told you - you live rent free at your gfs house, also invading the life and privacy of her roommate. bianca has way more to consider now than just sharing with your gf. i wouldn't accept this either and i'd be furious with both of you. i think both you and your gf screwed up long before the long shower. your gf definitely is the asshole in this situation as well, allowing this to happen to her roommate ,and the friendship to deteriorate.

you don't want to cook at home and you don't want to live there (really). you chose that living situation because it's cheap - but you spend many nights away. that's not bianca's fault and she shouldn't suffer for your choices.","&gt; we both put ourselves in her situation **and said we would've knocked on the bathroom door to ask us to hurry up if we were busting**, but she's a bit more timid than we are. 

wow. you're seriously trying to justify it with ""well she could have said something.""

yta and so is your girlfriend. you both sound like incredibly selfish people.","yta. 4 nights is more than half the week. bianca agreed to live with your girlfriend, not you. you also don't pay rent. i'm sorry your own living conditions are difficult but that doesn't give you the right to do this.","yta

you and your girlfriend are putting your convenience before the flatmate's rights.

* it's her place, not yours.
* she pays rent, not you.
* she agreed to live with her friend, not you. 

what do you even contribute to this place? nothing. you and your girlfriend are being selfish and your actions are making the flatmate uncomfortable in her own home.

&gt; i see it as the next step before moving in together, that i'm only there at night and it's normal for couples to see each other more frequently before they move in

it is normal for couples to do this, however that doesn't give you a free pass to encroach on the flatmate.","yta, she never agreed to live with a couple.","yta

your gf should have spoken to her about this before you started spending 4 nights a week there. that girl never agreed to have a boy in the house, even if you're not in the living room. you can't define for her what she's okay with and what she isn't. also, you're not ""stuck"" in this situation until your gf's lease gets over. go back to your place. it's not the roommate's fault that you live in a small flat. that's your decision. if you hadn't met your gf who could accommodate you in her room, you would still be sleeping in your own flat. so do that.",YTA,YTA,YTA,YTA,YTA,YTA,YTA,YTA,YTA,YTA,0.0,"Classify the interpersonal conflict and explain your choice. Your choices are limited to you're the a**hole (yta) when the writer is causing the conflict, not the a**hole (nta) when someone other than the writer is causing the conflict, no a**holes here (nah) when no one is causing the conflict, everyone sucks here (esh) when everyone is causing the conflict, more information needed (info) when a classification cannot be made with the context provided. Conflict context: let me preface this by saying that i (24m) and my gf (32f) who we'll call liv, have been seeing each other for close to a year now. i've been living in a shared house with 8 blokes in a small 2x2m room that barely accommodates a single bed. this is the sole reason why she doesn't sleep at mine. i'm saving a lot on rent living here even though the living conditions are poor. now, i've been staying at my gfs house 4 nights a week for the past few months. her beds bigger for starters and i cant cook at home because it's always congested, so liv and i cook a meal twice a week at hers. she has a roommate who we'll call (bianca) that she's known for quite a few years and they get along fine. i've tried my best to get to know bianca but it's not reciprocated and i can feel the awkward tension between us a mile away. she's never asked a question about what i do for work, or anything of the like, and typically responds with one word answers. liv told me that bianca feels very uncomfortable living with me. i hate being the cause of her discomfort. whenever i'm at livs house, i don't use the living room and go straight to livs room whenever i arrive (usually late after work). besides cooking with liv, i'm usually mindful of my time spent in the bathroom. here's where liv and i may have screwed up. we were taking a shower together and took a bit longer than usual (20-30mins). all of a sudden bianca comes out of the room and slams the front door shut and sends liv an angry text about taking too long and that she needed to use the bathroom and that she's selfish etc. we both put ourselves in her situation and said we would've knocked on the bathroom door to ask us to hurry up if we were busting, but she's a bit more timid than we are. their relationships gone down the gutters since i came along and i can't help but feel responsible. on an end note, liv and i want to move in together within a few more months after her lease finishes, but for now we're stuck in this predicament. my mates telling me i'm an asshole for staying over 4 days a week rent free and i should respect the roommates boundaries and not see her as frequently. but i see it as the next step before moving in together, that i'm only there at night and it's normal for couples to see each other more frequently before they move in. so aita?","<s>[INST] <<SYS>>
Classify the interpersonal conflict and explain your choice. Your choices are limited to you're the a**hole (yta) when the writer is causing the conflict, not the a**hole (nta) when someone other than the writer is causing the conflict, no a**holes here (nah) when no one is causing the conflict, everyone sucks here (esh) when everyone is causing the conflict, more information needed (info) when a classification cannot be made with the context provided.
<</SYS>>

let me preface this by saying that i (24m) and my gf (32f) who we'll call liv, have been seeing each other for close to a year now. i've been living in a shared house with 8 blokes in a small 2x2m room that barely accommodates a single bed. this is the sole reason why she doesn't sleep at mine. i'm saving a lot on rent living here even though the living conditions are poor. now, i've been staying at my gfs house 4 nights a week for the past few months. her beds bigger for starters and i cant cook at home because it's always congested, so liv and i cook a meal twice a week at hers. she has a roommate who we'll call (bianca) that she's known for quite a few years and they get along fine. i've tried my best to get to know bianca but it's not reciprocated and i can feel the awkward tension between us a mile away. she's never asked a question about what i do for work, or anything of the like, and typically responds with one word answers. liv told me that bianca feels very uncomfortable living with me. i hate being the cause of her discomfort. whenever i'm at livs house, i don't use the living room and go straight to livs room whenever i arrive (usually late after work). besides cooking with liv, i'm usually mindful of my time spent in the bathroom. here's where liv and i may have screwed up. we were taking a shower together and took a bit longer than usual (20-30mins). all of a sudden bianca comes out of the room and slams the front door shut and sends liv an angry text about taking too long and that she needed to use the bathroom and that she's selfish etc. we both put ourselves in her situation and said we would've knocked on the bathroom door to ask us to hurry up if we were busting, but she's a bit more timid than we are. their relationships gone down the gutters since i came along and i can't help but feel responsible. on an end note, liv and i want to move in together within a few more months after her lease finishes, but for now we're stuck in this predicament. my mates telling me i'm an asshole for staying over 4 days a week rent free and i should respect the roommates boundaries and not see her as frequently. but i see it as the next step before moving in together, that i'm only there at night and it's normal for couples to see each other more frequently before they move in. so aita? [/INST] yta, you've been there for most of the week for the last few months?? you're a third roommate who doesn't pay rent and she never agreed to it. </s>","Arguments suggesting the author was in the wrong:
- yta, you've been there for most of the week for the last few months?? you're a third roommate who doesn't pay rent and she never agreed to it.
- yta - you are obviously not visiting, you are living there. and if a couple locks themselves in the bathroom with the shower running for half an hour i wouldn’t start knocking and risk interrupting them bonking. you are definitely making a person feel uncomfortable in their own home and you know it. you and your gf need to rent something together and let bianca get a new roommate, hopefully a grownup this time.","**Arguments why the author is in the wrong:** The author is effectively living at his girlfriend’s place rent-free the majority of the week, which Bianca never agreed to; his presence is making her feel uncomfortable in her own home. Additionally, taking long showers as a couple can make bathroom access inconvenient for Bianca, and expecting her to knock under such circumstances is unreasonable.

**Arguments why the author is in the right:** Couples seeing each other multiple times a week before moving in together is normal, and the author is trying to be considerate by limiting his use of the living room and bathroom, spending most of his time in Liv’s room. Moving in together with Liv is a plan for the near future, which would resolve the current situation.","**Arguments why the author is in the wrong:** The author's frequent presence at the girlfriend's apartment imposes on the roommate's space and comfort, particularly since no rent is paid or clear boundaries were established. Staying over four nights a week may feel excessive to Bianca, disrupting her privacy. The extended shower incident shows a lack of sensitivity to shared resources like the bathroom. The strained relationship between Bianca and Liv suggests the situation is not being handled maturely or considerately.

**Arguments why the author is in the right:** Staying over at a partner’s place prior to moving in together is a reasonable step in a relationship. The author minimizes his presence in common areas like the living room, aiming to avoid further discomfort for Bianca. Limited cooking and social interactions at Liv’s house suggest he is trying to balance his needs without imposing too much. Considering the poor living conditions at his shared house, staying over allows the couple to spend quality time together.","AITA for sleeping over at my gfs 4 nights a week making her roommate uncomfortable and causing her to flip out?let me preface this by saying that i (24m) and my gf (32f) who we'll call liv, have been seeing each other for close to a year now. i've been living in a shared house with 8 blokes in a small 2x2m room that barely accommodates a single bed. this is the sole reason why she doesn't sleep at mine. i'm saving a lot on rent living here even though the living conditions are poor.

now, i've been staying at my gfs house 4 nights a week for the past few months. her beds bigger for starters and i cant cook at home because it's always congested, so liv and i cook a meal twice a week at hers. she has a roommate who we'll call (bianca) that she's known for quite a few years and they get along fine. i've tried my best to get to know bianca but it's not reciprocated and i can feel the awkward tension between us a mile away. she's never asked a question about what i do for work, or anything of the like, and typically responds with one word answers.

liv told me that bianca feels very uncomfortable living with me. i hate being the cause of her discomfort. whenever i'm at livs house, i don't use the living room and go straight to livs room whenever i arrive (usually late after work). besides cooking with liv, i'm usually mindful of my time spent in the bathroom.

here's where liv and i may have screwed up. we were taking a shower together and took a bit longer than usual (20-30mins). all of a sudden bianca comes out of the room and slams the front door shut and sends liv an angry text about taking too long and that she needed to use the bathroom and that she's selfish etc. 
we both put ourselves in her situation and said we would've knocked on the bathroom door to ask us to hurry up if we were busting, but she's a bit more timid than we are.

their relationships gone down the gutters since i came along and i can't help but feel responsible. 

on an end note, liv and i want to move in together within a few more months after her lease finishes, but for now we're stuck in this predicament.

my mates telling me i'm an asshole for staying over 4 days a week rent free and i should respect the roommates boundaries and not see her as frequently. but i see it as the next step before moving in together, that i'm only there at night and it's normal for couples to see each other more frequently before they move in. so aita?<br><br><h4>=============================================<br>Possible arguments against the author's actions:</h4> The author is effectively living at his girlfriend’s place rent-free the majority of the week, which Bianca never agreed to; his presence is making her feel uncomfortable in her own home. Additionally, taking long showers as a couple can make bathroom access inconvenient for Bianca, and expecting her to knock under such circumstances is unreasonable.<br><br><h4>=============================================<br>Possible arguments for the author's actions:</h4> Couples seeing each other multiple times a week before moving in together is normal, and the author is trying to be considerate by limiting his use of the living room and bathroom, spending most of his time in Liv’s room. Moving in together with Liv is a plan for the near future, which would resolve the current situation.","<b>Read the following message to an AI system. ""AITA"" stands for ""Am I the asshole.""</b><br><br>AITA for sleeping over at my gfs 4 nights a week making her roommate uncomfortable and causing her to flip out?let me preface this by saying that i (24m) and my gf (32f) who we'll call liv, have been seeing each other for close to a year now. i've been living in a shared house with 8 blokes in a small 2x2m room that barely accommodates a single bed. this is the sole reason why she doesn't sleep at mine. i'm saving a lot on rent living here even though the living conditions are poor.

now, i've been staying at my gfs house 4 nights a week for the past few months. her beds bigger for starters and i cant cook at home because it's always congested, so liv and i cook a meal twice a week at hers. she has a roommate who we'll call (bianca) that she's known for quite a few years and they get along fine. i've tried my best to get to know bianca but it's not reciprocated and i can feel the awkward tension between us a mile away. she's never asked a question about what i do for work, or anything of the like, and typically responds with one word answers.

liv told me that bianca feels very uncomfortable living with me. i hate being the cause of her discomfort. whenever i'm at livs house, i don't use the living room and go straight to livs room whenever i arrive (usually late after work). besides cooking with liv, i'm usually mindful of my time spent in the bathroom.

here's where liv and i may have screwed up. we were taking a shower together and took a bit longer than usual (20-30mins). all of a sudden bianca comes out of the room and slams the front door shut and sends liv an angry text about taking too long and that she needed to use the bathroom and that she's selfish etc. 
we both put ourselves in her situation and said we would've knocked on the bathroom door to ask us to hurry up if we were busting, but she's a bit more timid than we are.

their relationships gone down the gutters since i came along and i can't help but feel responsible. 

on an end note, liv and i want to move in together within a few more months after her lease finishes, but for now we're stuck in this predicament.

my mates telling me i'm an asshole for staying over 4 days a week rent free and i should respect the roommates boundaries and not see her as frequently. but i see it as the next step before moving in together, that i'm only there at night and it's normal for couples to see each other more frequently before they move in. so aita?",475,"AITA for sleeping over at my gfs 4 nights a week making her roommate uncomfortable and causing her to flip out?let me preface this by saying that i (24m) and my gf (32f) who we'll call liv, have been seeing each other for close to a year now. i've been living in a shared house with 8 blokes in a small 2x2m room that barely accommodates a single bed. this is the sole reason why she doesn't sleep at mine. i'm saving a lot on rent living here even though the living conditions are poor.

now, i've been staying at my gfs house 4 nights a week for the past few months. her beds bigger for starters and i cant cook at home because it's always congested, so liv and i cook a meal twice a week at hers. she has a roommate who we'll call (bianca) that she's known for quite a few years and they get along fine. i've tried my best to get to know bianca but it's not reciprocated and i can feel the awkward tension between us a mile away. she's never asked a question about what i do for work, or anything of the like, and typically responds with one word answers.

liv told me that bianca feels very uncomfortable living with me. i hate being the cause of her discomfort. whenever i'm at livs house, i don't use the living room and go straight to livs room whenever i arrive (usually late after work). besides cooking with liv, i'm usually mindful of my time spent in the bathroom.

here's where liv and i may have screwed up. we were taking a shower together and took a bit longer than usual (20-30mins). all of a sudden bianca comes out of the room and slams the front door shut and sends liv an angry text about taking too long and that she needed to use the bathroom and that she's selfish etc. 
we both put ourselves in her situation and said we would've knocked on the bathroom door to ask us to hurry up if we were busting, but she's a bit more timid than we are.

their relationships gone down the gutters since i came along and i can't help but feel responsible. 

on an end note, liv and i want to move in together within a few more months after her lease finishes, but for now we're stuck in this predicament.

my mates telling me i'm an asshole for staying over 4 days a week rent free and i should respect the roommates boundaries and not see her as frequently. but i see it as the next step before moving in together, that i'm only there at night and it's normal for couples to see each other more frequently before they move in. so aita?"
17,495,AITA for inviting my atheist friends only for the wedding party and not the ceremony?,,21468,https://www.reddit.com/r/AmItheAsshole/comments/dkhsjm/aita_for_inviting_my_atheist_friends_only_for_the/,2019-10-20 10:13:09,"yta, you made a huge assumption that your friends would put their dislike of religious services ahead of their wish to see you married. sounds like you don’t think much of them.","yta. you’re just assuming that they wouldn’t have wanted to partake in the ceremony. you could have, at the very least, asked them personally whether they would have liked to join in the catholic ceremony then that decision would have been left up to them to decide. if they want to, give them the invite. if not, don’t. simple. 

not being invited to something as important as an event of a wedding probably hurt your friends’ feelings too.","yta (mildly). you were trying to be considerate but in the process basically told your friends you thought they weren't considerate.

ceremonies are boring for everyone except for the bit that matters (the actual getting married part). 

why not make it optional for everyone? that way noone feels excluded. (not to late to amend)",yta. i'm an atheist and have sat through many catholic ceremonies to see my friends get married becusee it is important to them. if someone left me out of their wedding and just invited me after i wouldn't bother going,yta - dont assume what people want. give them the option to go. noone in their right mind is going to disgrace your religion at your wedding,[deleted],"yta for assuming that something important to you (i presume the religious aspect of the ceremony is important to you) would be a burden to your friends (whom i presume love you and want to share in your happy moment).

communicate more openly with people, or you'll hurt them","yta. as a non-believer i would would be beyond offended if a good friend declined to invite me to their church wedding.

i go to wedding and the church service not because of religion but to see my friends or family members pledge their lives to one another, and i wouldn’t want to miss that.

it would be the same if you had jewish or islamic friends that invited you to their religious wedding, would you not attend their service to see them married?","yeah, yta, you made a lot of assumptions about your friends instead of just asking them and excluded them from your wedding ceremony because they would find it boring. 

there's the saying that assumptions make an ass out of you and me which definitely applies here. 

if this was for any other thing other than religious would you have just assumed and not explained to them?

""hey, there's not enough seats here and we have big families. are you cool with not being at the ceremony but still coming to the reception?"" 

""we are really set on an outdoor wedding, but i know you're allergic to sunlight. do you mind only coming to the reception?""

what you just did was telegraph that your friend didn't care enough to politely endure a normal length religious ceremony- one that i can almost guarantee she has had to go to before- because she's an atheist. 

i get, your ceremony and you can invite who you want to whatever part you want but try not to actively insult them.","nah - you intentions were good and understandable but they have a right to be upset, like she said, most friends wouldn't care about sitting through a religious ordeal to see their friend getting married.
should've just asked what they wanted to do, if it's not too late, ask and invite the ones who do want to see the ceremony, problem solved.",YTA,YTA,YTA,YTA,YTA,,YTA,YTA,YTA,NAH,0.013094570021973,"Classify the interpersonal conflict and explain your choice. Your choices are limited to you're the a**hole (yta) when the writer is causing the conflict, not the a**hole (nta) when someone other than the writer is causing the conflict, no a**holes here (nah) when no one is causing the conflict, everyone sucks here (esh) when everyone is causing the conflict, more information needed (info) when a classification cannot be made with the context provided. Conflict context: ","<s>[INST] <<SYS>>
Classify the interpersonal conflict and explain your choice. Your choices are limited to you're the a**hole (yta) when the writer is causing the conflict, not the a**hole (nta) when someone other than the writer is causing the conflict, no a**holes here (nah) when no one is causing the conflict, everyone sucks here (esh) when everyone is causing the conflict, more information needed (info) when a classification cannot be made with the context provided.
<</SYS>>

 [/INST] yta, you made a huge assumption that your friends would put their dislike of religious services ahead of their wish to see you married. sounds like you don’t think much of them. </s>","Arguments suggesting the author was in the wrong:
- yta, you made a huge assumption that your friends would put their dislike of religious services ahead of their wish to see you married. sounds like you don’t think much of them.
- yta. you’re just assuming that they wouldn’t have wanted to partake in the ceremony. you could have, at the very least, asked them personally whether they would have liked to join in the catholic ceremony then that decision would have been left up to them to decide. if they want to, give them the invite. if not, don’t. simple. 

not being invited to something as important as an event of a wedding probably hurt your friends’ feelings too.","**Arguments why the author is in the wrong:** The poster assumed their atheist friends wouldn’t want to attend a religious ceremony without asking for their preference, which could be seen as disrespectful. Excluding the friends from a significant milestone like the wedding ceremony might have hurt their feelings and implied they were less valued.

**Arguments why the author is in the right:** No reasons have been provided, but the poster may have been trying to prevent discomfort for their friends by respecting their beliefs and only inviting them to the part of the wedding aligned with a neutral or celebratory environment.","**Arguments why the author is in the wrong:** The author is excluding their atheist friends from an important part of their wedding, which may make them feel left out or disrespected. This could be seen as unfair or judgmental based on their beliefs.

**Arguments why the author is in the right:** The author is prioritizing the sanctity of their religious ceremony and may feel that inviting non-believers would undermine its purpose or atmosphere. They are still including the friends in the celebratory part of the day.","AITA for inviting my atheist friends only for the wedding party and not the ceremony?<br><br><h4>=============================================<br>Possible arguments against the author's actions:</h4> The poster assumed their atheist friends wouldn’t want to attend a religious ceremony without asking for their preference, which could be seen as disrespectful. Excluding the friends from a significant milestone like the wedding ceremony might have hurt their feelings and implied they were less valued.<br><br><h4>=============================================<br>Possible arguments for the author's actions:</h4> No reasons have been provided, but the poster may have been trying to prevent discomfort for their friends by respecting their beliefs and only inviting them to the part of the wedding aligned with a neutral or celebratory environment.","<b>Read the following message to an AI system. ""AITA"" stands for ""Am I the asshole.""</b><br><br>AITA for inviting my atheist friends only for the wedding party and not the ceremony?",495,AITA for inviting my atheist friends only for the wedding party and not the ceremony?
18,502,AITA for ruining my wife's work and eating the food before she could take pictures of it?,"
my wife runs a website dedicated for cooking and recipes. she takes pictures of food before we eat wether it's lunch or dinner and post them on her insta account. to be honest, i'm annoyed by having to wait so long for her to ""get the perfeft shot"" of the food after decorating it, adding this fork and removing that salad dish. it just takes so long and i lose my appetite from just waiting til she's done. this has become the norm but yesterday, i decided i was having none of it.


i came to found that she has cooked an entire feast as her ""next cooking project"" and put it on the table. note that by lokking at the whole table setting, i figured pictures had already been taken, right? but no, she said she was going to take few pictures and i had to wait. she went upstairs to get her camera that's when i grabbed the spoon and started filling my plate from every dish she's made and ""ruining"" the look as a result. i was hungry and unwilling to wait around for 10+ to eat.


she came downstairs, saw the ""damage"" and blew up almost crying saying i just ruined her cooking project that she worked hours for as well as putting efforts into. i said i was hungry and couldn't wait but she kept yelling how much of an obnoxious jerk i was for not waiting til dhe took pictures of the dishes she made, even said that this was an attempt of me to ""sabotage"" her success. i said ""oh please enough with those conspiracy theories, i'm just hungry and couldn't wait til she got the perfect shot"". we had a big argument and shewent upstairs crying. i finished my food then went out to cool off a bit.


when i returned she'd threatened that she'll never have me eat anything she cooks and said she'd rather throw it in the garbage then give it to a ungrateful, obnoxious jerk like me. i said this wasn't cool but she told me to go fuck myself. i said fine then went to spend the night in the guests room. she texted me the word ""jerk"" about 15 times til i turned my phone off.

today she has gone complete radio silence. aita?",21416,https://www.reddit.com/r/AmItheAsshole/comments/spgbvp/aita_for_ruining_my_wifes_work_and_eating_the/,2022-02-10 20:33:10,"yta, what the actual fuck. sounds like this is her job or at minimum an important hobby. keep a lunchable and a juice box in the fridge for when you need to act like a child.","yta 

dude she worked hard on it and you couldn’t wait a few minutes while she took pictures. if you can’t stand the wait then make your own food. 

you *did* do it to sabotage her since you knew that she hadn’t taken any photos yet. 
apologize to your wife.",[removed],"yta

if you're so annoyed by this, you have 2 options

1) cook for yourself

2) sit down and have an adult conversation about this with your wife. what you did was childish.","yta. the fact that you said so yourself that you purposely destroyed her work that she made an effort for, for hours, mind you, you even went far by eating every single one. just because you can't wait for another 10 minutes?

want to eat as soon as you like? then cook your own food. god, how hard must it be to cook a meal or just make a fucking sandwich. i'll say this again for the people at the back. you are not entitled to make your wife your own chef or maid. this is her ""work"", and technically, you're just a freeloader for her ""work"". you just get to eat because she ""works"".

cook your own damn meal.","yta.

let’s break this down:
 1) this is her job. she’s not making this food and making you wait to take pictures for funsies. she spent hours planning this, preparing this, and was ready to finish and you came home to ruin her work? how would you feel if she went to your workplace and destroyed a project because she was “annoyed” she had to wait a mere ten minutes?

2) your lack of respect for wife is appalling. this is your wife. this is her job. you’re making fun of her a getting annoyed because she wants to contribute to the family income?

3) if this is a pattern — her preparing food and requesting you wait so she can photograph it — eat a snack and be patient. stop acting shocked that she’s going to do this. if you’re “starving” then get some fruit snacks and a juice box and wait for her to finish. act like a toddler, snack like a toddler. better yet, cook your own damn food!","bud.
do you really need to ask?
you took something she loves to do, something she is proud of, something that brings her joy, and you told her you didn't care about it. i don't doubt that she spent hours if not the entire day preparing that. you sound like an enormous asshole, i feel so sorry for her. you should be supporting her hobbies and interests, and if she has enough followers on instagram, she could eventually be making much more than you do, if she isn't already.","yta 

she runs a website dedicated to food and that involves food photography. imagine working on a painting for 6 hours and someone ripping it in half - that's what you did.

 you come off as an impatient, petulant child here. go to the fridge, grab a string cheese, and grow up","you couldn’t wait ten minutes to eat?? eat the food she made for her work? personal project info here because if this is her job holy forking sporks dude. 

you are unbelievably the asshole. drink a glass of water, have a cracker, or make your damn meal. but first go apologize to your wife. and help her remake her food.",how is this even a question? of course yta. you know yta. she put hours worth of work into setting that up and you acted like a toddler and messed it up because you couldn't be patient. if you're soooo hungry that you can't wait for a few pictures then go get mcdonald's. grow up!,YTA,YTA,,YTA,YTA,YTA,,YTA,INFO,YTA,0.005167483029423,"Classify the interpersonal conflict and explain your choice. Your choices are limited to you're the a**hole (yta) when the writer is causing the conflict, not the a**hole (nta) when someone other than the writer is causing the conflict, no a**holes here (nah) when no one is causing the conflict, everyone sucks here (esh) when everyone is causing the conflict, more information needed (info) when a classification cannot be made with the context provided. Conflict context:  my wife runs a website dedicated for cooking and recipes. she takes pictures of food before we eat wether it's lunch or dinner and post them on her insta account. to be honest, i'm annoyed by having to wait so long for her to ""get the perfeft shot"" of the food after decorating it, adding this fork and removing that salad dish. it just takes so long and i lose my appetite from just waiting til she's done. this has become the norm but yesterday, i decided i was having none of it. i came to found that she has cooked an entire feast as her ""next cooking project"" and put it on the table. note that by lokking at the whole table setting, i figured pictures had already been taken, right? but no, she said she was going to take few pictures and i had to wait. she went upstairs to get her camera that's when i grabbed the spoon and started filling my plate from every dish she's made and ""ruining"" the look as a result. i was hungry and unwilling to wait around for 10+ to eat. she came downstairs, saw the ""damage"" and blew up almost crying saying i just ruined her cooking project that she worked hours for as well as putting efforts into. i said i was hungry and couldn't wait but she kept yelling how much of an obnoxious jerk i was for not waiting til dhe took pictures of the dishes she made, even said that this was an attempt of me to ""sabotage"" her success. i said ""oh please enough with those conspiracy theories, i'm just hungry and couldn't wait til she got the perfect shot"". we had a big argument and shewent upstairs crying. i finished my food then went out to cool off a bit. when i returned she'd threatened that she'll never have me eat anything she cooks and said she'd rather throw it in the garbage then give it to a ungrateful, obnoxious jerk like me. i said this wasn't cool but she told me to go fuck myself. i said fine then went to spend the night in the guests room. she texted me the word ""jerk"" about 15 times til i turned my phone off. today she has gone complete radio silence. aita?","<s>[INST] <<SYS>>
Classify the interpersonal conflict and explain your choice. Your choices are limited to you're the a**hole (yta) when the writer is causing the conflict, not the a**hole (nta) when someone other than the writer is causing the conflict, no a**holes here (nah) when no one is causing the conflict, everyone sucks here (esh) when everyone is causing the conflict, more information needed (info) when a classification cannot be made with the context provided.
<</SYS>>

 my wife runs a website dedicated for cooking and recipes. she takes pictures of food before we eat wether it's lunch or dinner and post them on her insta account. to be honest, i'm annoyed by having to wait so long for her to ""get the perfeft shot"" of the food after decorating it, adding this fork and removing that salad dish. it just takes so long and i lose my appetite from just waiting til she's done. this has become the norm but yesterday, i decided i was having none of it. i came to found that she has cooked an entire feast as her ""next cooking project"" and put it on the table. note that by lokking at the whole table setting, i figured pictures had already been taken, right? but no, she said she was going to take few pictures and i had to wait. she went upstairs to get her camera that's when i grabbed the spoon and started filling my plate from every dish she's made and ""ruining"" the look as a result. i was hungry and unwilling to wait around for 10+ to eat. she came downstairs, saw the ""damage"" and blew up almost crying saying i just ruined her cooking project that she worked hours for as well as putting efforts into. i said i was hungry and couldn't wait but she kept yelling how much of an obnoxious jerk i was for not waiting til dhe took pictures of the dishes she made, even said that this was an attempt of me to ""sabotage"" her success. i said ""oh please enough with those conspiracy theories, i'm just hungry and couldn't wait til she got the perfect shot"". we had a big argument and shewent upstairs crying. i finished my food then went out to cool off a bit. when i returned she'd threatened that she'll never have me eat anything she cooks and said she'd rather throw it in the garbage then give it to a ungrateful, obnoxious jerk like me. i said this wasn't cool but she told me to go fuck myself. i said fine then went to spend the night in the guests room. she texted me the word ""jerk"" about 15 times til i turned my phone off. today she has gone complete radio silence. aita? [/INST] yta, what the actual fuck. sounds like this is her job or at minimum an important hobby. keep a lunchable and a juice box in the fridge for when you need to act like a child. </s>","Arguments suggesting the author was in the wrong:
- yta, what the actual fuck. sounds like this is her job or at minimum an important hobby. keep a lunchable and a juice box in the fridge for when you need to act like a child.
- yta 

dude she worked hard on it and you couldn’t wait a few minutes while she took pictures. if you can’t stand the wait then make your own food. 

you *did* do it to sabotage her since you knew that she hadn’t taken any photos yet. 
apologize to your wife.","**Arguments why the author is in the wrong:** The author demonstrated disrespect for his wife's hard work and professional or passionate hobby by not waiting for her to finish taking pictures, which is an essential part of her cooking project. His actions came across as childish and inconsiderate, especially since he admitted to assuming she hadn't yet taken photos. He could have resolved his frustration in more mature ways, like making his own food or communicating better.  

**Arguments why the author is in the right:** The frustration with waiting to eat is understandable, and his wife's lengthy photo-taking process may inconvenience him during meals. He acted out of hunger and annoyance, which could be viewed as an attempt to assert boundaries around shared mealtime. However, this doesn't justify his actions.","**Arguments why the author is in the wrong:** Disregarding the effort and time his wife invested in her cooking project, and ignoring her clear need to take photos for her work, shows a lack of respect for her passion and livelihood. Impatiently eating before she could finish her task undermined her work, creating emotional and professional distress. His dismissive attitude during the conflict further amplified the issue.

**Arguments why the author is in the right:** Waiting repeatedly for extended periods before eating, especially when hungry, can feel unreasonable and frustrating. He assumed pictures had already been taken and acted out of hunger rather than malicious intent, prioritizing practical needs over a lengthy process he finds burdensome.","AITA for ruining my wife's work and eating the food before she could take pictures of it?
my wife runs a website dedicated for cooking and recipes. she takes pictures of food before we eat wether it's lunch or dinner and post them on her insta account. to be honest, i'm annoyed by having to wait so long for her to ""get the perfeft shot"" of the food after decorating it, adding this fork and removing that salad dish. it just takes so long and i lose my appetite from just waiting til she's done. this has become the norm but yesterday, i decided i was having none of it.


i came to found that she has cooked an entire feast as her ""next cooking project"" and put it on the table. note that by lokking at the whole table setting, i figured pictures had already been taken, right? but no, she said she was going to take few pictures and i had to wait. she went upstairs to get her camera that's when i grabbed the spoon and started filling my plate from every dish she's made and ""ruining"" the look as a result. i was hungry and unwilling to wait around for 10+ to eat.


she came downstairs, saw the ""damage"" and blew up almost crying saying i just ruined her cooking project that she worked hours for as well as putting efforts into. i said i was hungry and couldn't wait but she kept yelling how much of an obnoxious jerk i was for not waiting til dhe took pictures of the dishes she made, even said that this was an attempt of me to ""sabotage"" her success. i said ""oh please enough with those conspiracy theories, i'm just hungry and couldn't wait til she got the perfect shot"". we had a big argument and shewent upstairs crying. i finished my food then went out to cool off a bit.


when i returned she'd threatened that she'll never have me eat anything she cooks and said she'd rather throw it in the garbage then give it to a ungrateful, obnoxious jerk like me. i said this wasn't cool but she told me to go fuck myself. i said fine then went to spend the night in the guests room. she texted me the word ""jerk"" about 15 times til i turned my phone off.

today she has gone complete radio silence. aita?<br><br><h4>=============================================<br>Possible arguments against the author's actions:</h4> The author demonstrated disrespect for his wife's hard work and professional or passionate hobby by not waiting for her to finish taking pictures, which is an essential part of her cooking project. His actions came across as childish and inconsiderate, especially since he admitted to assuming she hadn't yet taken photos. He could have resolved his frustration in more mature ways, like making his own food or communicating better.  <br><br><h4>=============================================<br>Possible arguments for the author's actions:</h4> The frustration with waiting to eat is understandable, and his wife's lengthy photo-taking process may inconvenience him during meals. He acted out of hunger and annoyance, which could be viewed as an attempt to assert boundaries around shared mealtime. However, this doesn't justify his actions.","<b>Read the following message to an AI system. ""AITA"" stands for ""Am I the asshole.""</b><br><br>AITA for ruining my wife's work and eating the food before she could take pictures of it?
my wife runs a website dedicated for cooking and recipes. she takes pictures of food before we eat wether it's lunch or dinner and post them on her insta account. to be honest, i'm annoyed by having to wait so long for her to ""get the perfeft shot"" of the food after decorating it, adding this fork and removing that salad dish. it just takes so long and i lose my appetite from just waiting til she's done. this has become the norm but yesterday, i decided i was having none of it.


i came to found that she has cooked an entire feast as her ""next cooking project"" and put it on the table. note that by lokking at the whole table setting, i figured pictures had already been taken, right? but no, she said she was going to take few pictures and i had to wait. she went upstairs to get her camera that's when i grabbed the spoon and started filling my plate from every dish she's made and ""ruining"" the look as a result. i was hungry and unwilling to wait around for 10+ to eat.


she came downstairs, saw the ""damage"" and blew up almost crying saying i just ruined her cooking project that she worked hours for as well as putting efforts into. i said i was hungry and couldn't wait but she kept yelling how much of an obnoxious jerk i was for not waiting til dhe took pictures of the dishes she made, even said that this was an attempt of me to ""sabotage"" her success. i said ""oh please enough with those conspiracy theories, i'm just hungry and couldn't wait til she got the perfect shot"". we had a big argument and shewent upstairs crying. i finished my food then went out to cool off a bit.


when i returned she'd threatened that she'll never have me eat anything she cooks and said she'd rather throw it in the garbage then give it to a ungrateful, obnoxious jerk like me. i said this wasn't cool but she told me to go fuck myself. i said fine then went to spend the night in the guests room. she texted me the word ""jerk"" about 15 times til i turned my phone off.

today she has gone complete radio silence. aita?",502,"AITA for ruining my wife's work and eating the food before she could take pictures of it?
my wife runs a website dedicated for cooking and recipes. she takes pictures of food before we eat wether it's lunch or dinner and post them on her insta account. to be honest, i'm annoyed by having to wait so long for her to ""get the perfeft shot"" of the food after decorating it, adding this fork and removing that salad dish. it just takes so long and i lose my appetite from just waiting til she's done. this has become the norm but yesterday, i decided i was having none of it.


i came to found that she has cooked an entire feast as her ""next cooking project"" and put it on the table. note that by lokking at the whole table setting, i figured pictures had already been taken, right? but no, she said she was going to take few pictures and i had to wait. she went upstairs to get her camera that's when i grabbed the spoon and started filling my plate from every dish she's made and ""ruining"" the look as a result. i was hungry and unwilling to wait around for 10+ to eat.


she came downstairs, saw the ""damage"" and blew up almost crying saying i just ruined her cooking project that she worked hours for as well as putting efforts into. i said i was hungry and couldn't wait but she kept yelling how much of an obnoxious jerk i was for not waiting til dhe took pictures of the dishes she made, even said that this was an attempt of me to ""sabotage"" her success. i said ""oh please enough with those conspiracy theories, i'm just hungry and couldn't wait til she got the perfect shot"". we had a big argument and shewent upstairs crying. i finished my food then went out to cool off a bit.


when i returned she'd threatened that she'll never have me eat anything she cooks and said she'd rather throw it in the garbage then give it to a ungrateful, obnoxious jerk like me. i said this wasn't cool but she told me to go fuck myself. i said fine then went to spend the night in the guests room. she texted me the word ""jerk"" about 15 times til i turned my phone off.

today she has gone complete radio silence. aita?"
19,503,AITA for not accommodating a vegan guest?,"longtime lurker here. hoping some of you guys can weigh in on what has become a really frustrating situation with a close friend and his partner.

so my wife (29f) and i (29m) have been hosting dinner parties a few times a year for as long as we’ve lived in our current city. we like to go all out and cook elaborate multi-course meals, so we limit our invitations to just a few close friends, since cooking such a complex dinner is an all-day affair and the food costs add up quickly. we have about four to six people we invite to these events, depending on their availability, and it’s become a great tradition in our social circle. 

our friend james started dating his girlfriend sarah about a year and a half ago, and when we first extended her an invitation, we were informed that sarah was vegan. i thanked james for letting us know and said she was more than welcome to bring her own food so she would have something to eat. he agreed, and the two of them have been attending our parties regularly for the past year. everything was fine, until now.

during our most recent dinner this past week, we noticed that sarah was very quiet and looked like she was about to cry. my wife asked her what was wrong, but she told us not to worry about it and kept dodging the question, so we didn’t push the issue. 

however, after the meal, james took us aside privately and told us that sarah felt hurt because we never provided any dishes she could eat at our dinners and it seemed like we were deliberately excluding her. he added that he thought we were being rude and inconsiderate by not accommodating her, which really pissed me off, and we got into a huge argument over it. 

my wife feels terrible that sarah was so upset and apologized to her and james profusely, but i don’t agree that we did anything wrong. i like sarah very much as a person and i don’t have anything against her dietary choices, but i don’t believe it’s fair to expect us to change our entire menu or make an entire separate meal for one person, especially when so much time and effort goes into creating these dinners. for the record, nobody else has any dietary restrictions. aita?",21398,https://www.reddit.com/r/AmItheAsshole/comments/dmlcx3/aita_for_not_accommodating_a_vegan_guest/,2019-10-24 19:28:23,"yta

""**hey guys, come to my dinner party and we'll cook everything for you, oh except you sarah**, you can bring your own food cos we don't wanna put any effort in to accommodate you."".

how difficult is it to cook a couple dishes that are vegan? you could have even asked her for some tips or help but no.

huge yta.",info: do you mean to say you have been cooking for this woman for more than a year and have never once prepared even a single course she could eat?,"i... i mean i get it, i suppose. but dude she's been coming over a year and a half and it's not that hard to make vegan food, it does seem like you guys are deliberately excluding her. you don't have to make a full meal, you can make at least one dish she can eat though. 

&amp;#x200b;

yta","yta. really? you can’t even make one dish vegan? they’ve been dating over a year and a half, and you continued to invite them over knowing she’s vegan. it does seem like deliberate exclusion. you don’t have to redo your entire menu, but jesus, at least have something there for her to eat. it’s not that difficult, and it shows respect for your friend and his girlfriend.",yta. your brilliant hosting consists of providing a chair.,"yta

&gt;i don’t believe it’s fair to expect us to change our entire menu or make an entire separate meal for one person.

no one is expecting you to do that.

&gt;we never provided **any dishes** she could eat at our dinners and it seemed like we were deliberately excluding her. 

you don't make any dishes or side dishes that just happened to be vegan or could easily be altered?  like a salad with roasted pine nuts, dried fruit, basic vinaigrette, but hold the cheese for her? potatoes roasted with olive oil and herbs?",yta why invite someone for a dinner party if you can't be bothered to cook for them,yta if you have never even had one vegan dish in this entire time she has been coming.,"did she seriously had to bring her own food this whole time? 
the first time is pretty normal, but after that you just were horrible hosts.
while unintentionally your behavior obviously gave her the impression you didn’t care enough to make an effort and incorporate a vegan dish.
sorry, yta if you provide food for all your guests except her.",info: why do you hate sarah?,YTA,INFO,YTA,YTA,YTA,YTA,YTA,YTA,YTA,INFO,0.0159999999999999,"Classify the interpersonal conflict and explain your choice. Your choices are limited to you're the a**hole (yta) when the writer is causing the conflict, not the a**hole (nta) when someone other than the writer is causing the conflict, no a**holes here (nah) when no one is causing the conflict, everyone sucks here (esh) when everyone is causing the conflict, more information needed (info) when a classification cannot be made with the context provided. Conflict context: longtime lurker here. hoping some of you guys can weigh in on what has become a really frustrating situation with a close friend and his partner. so my wife (29f) and i (29m) have been hosting dinner parties a few times a year for as long as we’ve lived in our current city. we like to go all out and cook elaborate multi-course meals, so we limit our invitations to just a few close friends, since cooking such a complex dinner is an all-day affair and the food costs add up quickly. we have about four to six people we invite to these events, depending on their availability, and it’s become a great tradition in our social circle. our friend james started dating his girlfriend sarah about a year and a half ago, and when we first extended her an invitation, we were informed that sarah was vegan. i thanked james for letting us know and said she was more than welcome to bring her own food so she would have something to eat. he agreed, and the two of them have been attending our parties regularly for the past year. everything was fine, until now. during our most recent dinner this past week, we noticed that sarah was very quiet and looked like she was about to cry. my wife asked her what was wrong, but she told us not to worry about it and kept dodging the question, so we didn’t push the issue. however, after the meal, james took us aside privately and told us that sarah felt hurt because we never provided any dishes she could eat at our dinners and it seemed like we were deliberately excluding her. he added that he thought we were being rude and inconsiderate by not accommodating her, which really pissed me off, and we got into a huge argument over it. my wife feels terrible that sarah was so upset and apologized to her and james profusely, but i don’t agree that we did anything wrong. i like sarah very much as a person and i don’t have anything against her dietary choices, but i don’t believe it’s fair to expect us to change our entire menu or make an entire separate meal for one person, especially when so much time and effort goes into creating these dinners. for the record, nobody else has any dietary restrictions. aita?","<s>[INST] <<SYS>>
Classify the interpersonal conflict and explain your choice. Your choices are limited to you're the a**hole (yta) when the writer is causing the conflict, not the a**hole (nta) when someone other than the writer is causing the conflict, no a**holes here (nah) when no one is causing the conflict, everyone sucks here (esh) when everyone is causing the conflict, more information needed (info) when a classification cannot be made with the context provided.
<</SYS>>

longtime lurker here. hoping some of you guys can weigh in on what has become a really frustrating situation with a close friend and his partner. so my wife (29f) and i (29m) have been hosting dinner parties a few times a year for as long as we’ve lived in our current city. we like to go all out and cook elaborate multi-course meals, so we limit our invitations to just a few close friends, since cooking such a complex dinner is an all-day affair and the food costs add up quickly. we have about four to six people we invite to these events, depending on their availability, and it’s become a great tradition in our social circle. our friend james started dating his girlfriend sarah about a year and a half ago, and when we first extended her an invitation, we were informed that sarah was vegan. i thanked james for letting us know and said she was more than welcome to bring her own food so she would have something to eat. he agreed, and the two of them have been attending our parties regularly for the past year. everything was fine, until now. during our most recent dinner this past week, we noticed that sarah was very quiet and looked like she was about to cry. my wife asked her what was wrong, but she told us not to worry about it and kept dodging the question, so we didn’t push the issue. however, after the meal, james took us aside privately and told us that sarah felt hurt because we never provided any dishes she could eat at our dinners and it seemed like we were deliberately excluding her. he added that he thought we were being rude and inconsiderate by not accommodating her, which really pissed me off, and we got into a huge argument over it. my wife feels terrible that sarah was so upset and apologized to her and james profusely, but i don’t agree that we did anything wrong. i like sarah very much as a person and i don’t have anything against her dietary choices, but i don’t believe it’s fair to expect us to change our entire menu or make an entire separate meal for one person, especially when so much time and effort goes into creating these dinners. for the record, nobody else has any dietary restrictions. aita? [/INST] yta ""**hey guys, come to my dinner party and we'll cook everything for you, oh except you sarah**, you can bring your own food cos we don't wanna put any effort in to accommodate you."". how difficult is it to cook a couple dishes that are vegan? you could have even asked her for some tips or help but no. huge yta. </s>","Arguments suggesting the author was in the wrong:
- yta

""**hey guys, come to my dinner party and we'll cook everything for you, oh except you sarah**, you can bring your own food cos we don't wanna put any effort in to accommodate you."".

how difficult is it to cook a couple dishes that are vegan? you could have even asked her for some tips or help but no.

huge yta.
- i... i mean i get it, i suppose. but dude she's been coming over a year and a half and it's not that hard to make vegan food, it does seem like you guys are deliberately excluding her. you don't have to make a full meal, you can make at least one dish she can eat though. 

&amp;#x200b;

yta","Arguments why the author is in the wrong: The author should have made an effort to include at least one vegan dish in the menu, especially given that Sarah has been attending the dinners regularly for over a year. Excluding her entirely could be perceived as inconsiderate, as creating one vegan dish isn't inherently difficult or disruptive to the overall meal plan.

Arguments why the author is in the right: Changing an elaborate, multi-course menu to accommodate one guest with dietary restrictions adds complexity and effort, especially outside of the host's typical cooking style. The author offered Sarah the option to bring her own food, which was a reasonable attempt to include her without overburdening the hosting process.","**Arguments why the author is in the wrong:** The author could be seen as inconsiderate for not making any effort to include a vegan dish, especially given Sarah is a repeat guest and clearly feels excluded. Hosting is often about making all attendees feel comfortable and welcome, and completely leaving her out of the meal may reflect a lack of courtesy or sensitivity.

**Arguments why the author is in the right:** The author has been transparent from the beginning about not accommodating vegan dishes and even welcomed Sarah to bring her own food, which was initially agreed upon. Expecting the hosts to alter a carefully planned, elaborate menu for just one guest may be an unfair burden, especially since Sarah's attendance has always been voluntary.","AITA for not accommodating a vegan guest?longtime lurker here. hoping some of you guys can weigh in on what has become a really frustrating situation with a close friend and his partner.

so my wife (29f) and i (29m) have been hosting dinner parties a few times a year for as long as we’ve lived in our current city. we like to go all out and cook elaborate multi-course meals, so we limit our invitations to just a few close friends, since cooking such a complex dinner is an all-day affair and the food costs add up quickly. we have about four to six people we invite to these events, depending on their availability, and it’s become a great tradition in our social circle. 

our friend james started dating his girlfriend sarah about a year and a half ago, and when we first extended her an invitation, we were informed that sarah was vegan. i thanked james for letting us know and said she was more than welcome to bring her own food so she would have something to eat. he agreed, and the two of them have been attending our parties regularly for the past year. everything was fine, until now.

during our most recent dinner this past week, we noticed that sarah was very quiet and looked like she was about to cry. my wife asked her what was wrong, but she told us not to worry about it and kept dodging the question, so we didn’t push the issue. 

however, after the meal, james took us aside privately and told us that sarah felt hurt because we never provided any dishes she could eat at our dinners and it seemed like we were deliberately excluding her. he added that he thought we were being rude and inconsiderate by not accommodating her, which really pissed me off, and we got into a huge argument over it. 

my wife feels terrible that sarah was so upset and apologized to her and james profusely, but i don’t agree that we did anything wrong. i like sarah very much as a person and i don’t have anything against her dietary choices, but i don’t believe it’s fair to expect us to change our entire menu or make an entire separate meal for one person, especially when so much time and effort goes into creating these dinners. for the record, nobody else has any dietary restrictions. aita?<br><br>=============================================<br>Possible arguments against the author's actions: The author should have made an effort to include at least one vegan dish in the menu, especially given that Sarah has been attending the dinners regularly for over a year. Excluding her entirely could be perceived as inconsiderate, as creating one vegan dish isn't inherently difficult or disruptive to the overall meal plan.<br><br>=============================================<br>Possible arguments for the author's actions: Changing an elaborate, multi-course menu to accommodate one guest with dietary restrictions adds complexity and effort, especially outside of the host's typical cooking style. The author offered Sarah the option to bring her own food, which was a reasonable attempt to include her without overburdening the hosting process.","<b>Read the following message to an AI system. ""AITA"" stands for ""Am I the asshole.""</b><br><br>AITA for not accommodating a vegan guest?longtime lurker here. hoping some of you guys can weigh in on what has become a really frustrating situation with a close friend and his partner.

so my wife (29f) and i (29m) have been hosting dinner parties a few times a year for as long as we’ve lived in our current city. we like to go all out and cook elaborate multi-course meals, so we limit our invitations to just a few close friends, since cooking such a complex dinner is an all-day affair and the food costs add up quickly. we have about four to six people we invite to these events, depending on their availability, and it’s become a great tradition in our social circle. 

our friend james started dating his girlfriend sarah about a year and a half ago, and when we first extended her an invitation, we were informed that sarah was vegan. i thanked james for letting us know and said she was more than welcome to bring her own food so she would have something to eat. he agreed, and the two of them have been attending our parties regularly for the past year. everything was fine, until now.

during our most recent dinner this past week, we noticed that sarah was very quiet and looked like she was about to cry. my wife asked her what was wrong, but she told us not to worry about it and kept dodging the question, so we didn’t push the issue. 

however, after the meal, james took us aside privately and told us that sarah felt hurt because we never provided any dishes she could eat at our dinners and it seemed like we were deliberately excluding her. he added that he thought we were being rude and inconsiderate by not accommodating her, which really pissed me off, and we got into a huge argument over it. 

my wife feels terrible that sarah was so upset and apologized to her and james profusely, but i don’t agree that we did anything wrong. i like sarah very much as a person and i don’t have anything against her dietary choices, but i don’t believe it’s fair to expect us to change our entire menu or make an entire separate meal for one person, especially when so much time and effort goes into creating these dinners. for the record, nobody else has any dietary restrictions. aita?<br><br>",503,"AITA for not accommodating a vegan guest?longtime lurker here. hoping some of you guys can weigh in on what has become a really frustrating situation with a close friend and his partner.

so my wife (29f) and i (29m) have been hosting dinner parties a few times a year for as long as we’ve lived in our current city. we like to go all out and cook elaborate multi-course meals, so we limit our invitations to just a few close friends, since cooking such a complex dinner is an all-day affair and the food costs add up quickly. we have about four to six people we invite to these events, depending on their availability, and it’s become a great tradition in our social circle. 

our friend james started dating his girlfriend sarah about a year and a half ago, and when we first extended her an invitation, we were informed that sarah was vegan. i thanked james for letting us know and said she was more than welcome to bring her own food so she would have something to eat. he agreed, and the two of them have been attending our parties regularly for the past year. everything was fine, until now.

during our most recent dinner this past week, we noticed that sarah was very quiet and looked like she was about to cry. my wife asked her what was wrong, but she told us not to worry about it and kept dodging the question, so we didn’t push the issue. 

however, after the meal, james took us aside privately and told us that sarah felt hurt because we never provided any dishes she could eat at our dinners and it seemed like we were deliberately excluding her. he added that he thought we were being rude and inconsiderate by not accommodating her, which really pissed me off, and we got into a huge argument over it. 

my wife feels terrible that sarah was so upset and apologized to her and james profusely, but i don’t agree that we did anything wrong. i like sarah very much as a person and i don’t have anything against her dietary choices, but i don’t believe it’s fair to expect us to change our entire menu or make an entire separate meal for one person, especially when so much time and effort goes into creating these dinners. for the record, nobody else has any dietary restrictions. aita?"
